<?xml version = '1.0' encoding = 'UTF-8'?>
<Relation class="oracle.dbtools.crest.model.design.logical.Relation" name="Relation_6" directorySegmentName="seg_0" id="4E55B4CC-DDB7-667A-CE9F-2AD7EEC86176">
<createdBy>victo</createdBy>
<createdTime>2025-08-28 04:11:14 UTC</createdTime>
<ownerDesignName>Residencia_sumativa</ownerDesignName>
<engineerTo>
<item key="E562A3C3-8456-253F-CE9B-D29E5EE0CCE0" value="true"/>
</engineerTo>
<sourcePk>2C3BC15E-F3D9-B4A7-D4C2-62F06D633006</sourcePk>
<targetPk>D59BB85A-6890-40ED-D4AA-F8C47323E2B5</targetPk>
<identifying>false</identifying>
<optionalSource>false</optionalSource>
<optionalTarget>false</optionalTarget>
<sourceCardinality>1</sourceCardinality>
<sourceEntity>1CEC78EB-D39D-2799-0752-BF49F8F0A17E</sourceEntity>
<targetCardinalityString>1</targetCardinalityString>
<targetEntity>A10BF326-CEC0-DC61-AC9A-1472FA21B3F8</targetEntity>
<transferable>true</transferable>
<deleteRule>NO ACTION</deleteRule>
</Relation>
