<?xml version = '1.0' encoding = 'UTF-8'?>
<Relation class="oracle.dbtools.crest.model.design.logical.Relation" name="Relation_3" directorySegmentName="seg_0" id="575265F4-5315-5F13-9363-86F1397E1121">
<createdBy>victo</createdBy>
<createdTime>2025-08-28 04:06:37 UTC</createdTime>
<ownerDesignName>Residencia_sumativa</ownerDesignName>
<engineerTo>
<item key="E562A3C3-8456-253F-CE9B-D29E5EE0CCE0" value="true"/>
</engineerTo>
<targetPk>6F6B4732-0366-45D6-0E16-16A45F9C04E9</targetPk>
<identifying>false</identifying>
<optionalSource>false</optionalSource>
<optionalTarget>false</optionalTarget>
<sourceCardinality>*</sourceCardinality>
<sourceEntity>5A9B57D8-8614-5008-C1E9-873573A769DD</sourceEntity>
<targetCardinalityString>1</targetCardinalityString>
<targetEntity>D0E56CA7-5558-21AB-5EE6-CB4E4B3D6682</targetEntity>
<transferable>true</transferable>
<deleteRule>NO ACTION</deleteRule>
</Relation>
