<?xml version = '1.0' encoding = 'UTF-8'?>
<Relation class="oracle.dbtools.crest.model.design.logical.Relation" name="Relation_11" directorySegmentName="seg_0" id="9F9E94F9-0AE2-067D-B238-110F88E3A03D">
<createdBy>victo</createdBy>
<createdTime>2025-09-01 02:21:23 UTC</createdTime>
<ownerDesignName>Residencia_sumativa</ownerDesignName>
<engineerTo>
<item key="E562A3C3-8456-253F-CE9B-D29E5EE0CCE0" value="true"/>
</engineerTo>
<sourcePk>2C3BC15E-F3D9-B4A7-D4C2-62F06D633006</sourcePk>
<identifying>false</identifying>
<optionalSource>false</optionalSource>
<optionalTarget>false</optionalTarget>
<sourceCardinality>1</sourceCardinality>
<sourceEntity>2455CCE2-D6AF-E400-340E-E062F6668802</sourceEntity>
<targetCardinalityString>*</targetCardinalityString>
<targetEntity>44373BC6-0A26-800F-F3C6-959616F3D4B2</targetEntity>
<transferable>true</transferable>
<deleteRule>NO ACTION</deleteRule>
</Relation>
