<?xml version = '1.0' encoding = 'UTF-8'?>
<Relation class="oracle.dbtools.crest.model.design.logical.Relation" name="Relation_7" directorySegmentName="seg_0" id="EE8D5423-610A-F4EE-21D4-79324E2ECFC8">
<createdBy>victo</createdBy>
<createdTime>2025-08-28 14:51:50 UTC</createdTime>
<ownerDesignName>Residencia_sumativa</ownerDesignName>
<engineerTo>
<item key="E562A3C3-8456-253F-CE9B-D29E5EE0CCE0" value="true"/>
</engineerTo>
<targetPk>2C3BC15E-F3D9-B4A7-D4C2-62F06D633006</targetPk>
<identifying>false</identifying>
<optionalSource>false</optionalSource>
<optionalTarget>false</optionalTarget>
<sourceCardinality>1</sourceCardinality>
<sourceEntity>1DA7DE8F-11AB-26CF-BFB3-14A378C68611</sourceEntity>
<targetCardinalityString>*</targetCardinalityString>
<targetEntity>1DA7DE8F-11AB-26CF-BFB3-14A378C68611</targetEntity>
<transferable>true</transferable>
<deleteRule>NO ACTION</deleteRule>
</Relation>
