<?xml version = '1.0' encoding = 'UTF-8'?>
<Relation class="oracle.dbtools.crest.model.design.logical.Relation" name="Relation_1" directorySegmentName="seg_0" id="F5C8A204-A355-B3FF-3DCA-331C3D063B03">
<createdBy>victo</createdBy>
<createdTime>2025-08-28 04:04:42 UTC</createdTime>
<ownerDesignName>Residencia_sumativa</ownerDesignName>
<engineerTo>
<item key="E562A3C3-8456-253F-CE9B-D29E5EE0CCE0" value="true"/>
</engineerTo>
<sourcePk>6F6B4732-0366-45D6-0E16-16A45F9C04E9</sourcePk>
<identifying>false</identifying>
<optionalSource>false</optionalSource>
<optionalTarget>false</optionalTarget>
<sourceCardinality>1</sourceCardinality>
<sourceEntity>D0E56CA7-5558-21AB-5EE6-CB4E4B3D6682</sourceEntity>
<targetCardinalityString>*</targetCardinalityString>
<targetEntity>B4D07EA4-22A4-D467-C1DE-65FB2F83CC79</targetEntity>
<transferable>true</transferable>
<deleteRule>NO ACTION</deleteRule>
</Relation>
