<?xml version = '1.0' encoding = 'UTF-8'?>
<Relation class="oracle.dbtools.crest.model.design.logical.Relation" name="Relation_2" directorySegmentName="seg_0" id="F84387EB-40EF-DE3B-66B4-0BCBB8145477">
<createdBy>victo</createdBy>
<createdTime>2025-08-28 04:05:27 UTC</createdTime>
<ownerDesignName>Residencia_sumativa</ownerDesignName>
<engineerTo>
<item key="E562A3C3-8456-253F-CE9B-D29E5EE0CCE0" value="true"/>
</engineerTo>
<sourcePk>2C3BC15E-F3D9-B4A7-D4C2-62F06D633006</sourcePk>
<targetPk>C6A6D60B-991F-1364-00D3-F0FE85EA8E65</targetPk>
<identifying>false</identifying>
<optionalSource>false</optionalSource>
<optionalTarget>false</optionalTarget>
<sourceCardinality>1</sourceCardinality>
<sourceEntity>1CEC78EB-D39D-2799-0752-BF49F8F0A17E</sourceEntity>
<targetCardinalityString>1</targetCardinalityString>
<targetEntity>B4D07EA4-22A4-D467-C1DE-65FB2F83CC79</targetEntity>
<transferable>true</transferable>
<deleteRule>NO ACTION</deleteRule>
</Relation>
