<?xml version = '1.0' encoding = 'UTF-8'?>
<Relation class="oracle.dbtools.crest.model.design.logical.Relation" name="Relation_5" directorySegmentName="seg_0" id="F88F681C-42C9-02CD-A605-AD47BFF6261C">
<createdBy>victo</createdBy>
<createdTime>2025-08-28 04:10:41 UTC</createdTime>
<ownerDesignName>Residencia_sumativa</ownerDesignName>
<engineerTo>
<item key="E562A3C3-8456-253F-CE9B-D29E5EE0CCE0" value="true"/>
</engineerTo>
<sourcePk>472A17E1-072A-7D76-9186-C92191D8633C</sourcePk>
<identifying>false</identifying>
<optionalSource>false</optionalSource>
<optionalTarget>false</optionalTarget>
<sourceCardinality>1</sourceCardinality>
<sourceEntity>44373BC6-0A26-800F-F3C6-959616F3D4B2</sourceEntity>
<targetCardinalityString>*</targetCardinalityString>
<targetEntity>A10BF326-CEC0-DC61-AC9A-1472FA21B3F8</targetEntity>
<transferable>true</transferable>
<deleteRule>NO ACTION</deleteRule>
</Relation>
