<?xml version = '1.0' encoding = 'UTF-8'?>
<relationalModel class="oracle.dbtools.crest.model.design.relational.RelationalDesign" name="Relational_1" id="E562A3C3-8456-253F-CE9B-D29E5EE0CCE0" mainViewID="93A457F2-8149-C179-F05E-21CD7DE49839">
<createdBy>victo</createdBy>
<createdTime>2025-09-01 15:17:42 UTC</createdTime>
<ownerDesignName>Residencia_sumativa</ownerDesignName>
<shouldBeOpen>false</shouldBeOpen>
<selectedRDBMSSite>32076570-2523-435C-2E92-BF29817DFF70</selectedRDBMSSite>
</relationalModel>
