<?xml version = '1.0' encoding = 'UTF-8'?>
<FKIndexAssociation class="oracle.dbtools.crest.model.design.relational.FKIndexAssociation" directorySegmentName="seg_0" id="0ECCF559-5E18-0724-ACD2-878E00F0B3D3" containerWithKeyObject="F2733A3A-C76D-87B3-E46E-9DFB1D887E01" localFKIndex="6B6FD699-C600-5024-C41D-0069CEA02C48" name="APODERADO_PERSONA_FK">
<createdBy>victo</createdBy>
<createdTime>2025-09-01 15:18:04 UTC</createdTime>
<generatorID>1F37BFB1-8931-45E7-318D-424479BD8EE0</generatorID>
<ownerDesignName>Residencia_sumativa</ownerDesignName>
<referredTableLongName>PERSONA</referredTableLongName>
<arc>2B170A00-7DDB-E28C-19F2-4F5D4BE453EB</arc>
<deleteRule>NO ACTION</deleteRule>
<referredTableID>B2C1487B-2D72-73BF-496F-35558DB5E632</referredTableID>
<keyObject>3A9E13FF-56AE-0D0B-D791-6E43FA45F8AB</keyObject>
<referredKeyID>3A9E13FF-56AE-0D0B-D791-6E43FA45F8AB</referredKeyID>
<mandatory>true</mandatory>
<refColNames>RUT</refColNames>
<transferable>true</transferable>
<rely>false</rely>
<columnDependencyConstraintGenerateInDDL>true</columnDependencyConstraintGenerateInDDL>
</FKIndexAssociation>
