<?xml version = '1.0' encoding = 'UTF-8'?>
<FKIndexAssociation class="oracle.dbtools.crest.model.design.relational.FKIndexAssociation" directorySegmentName="seg_0" id="13ECAABA-ED63-8604-6557-D1BBD755150E" containerWithKeyObject="24873CC4-6AEA-5D3B-B452-C2E876BC57E8" localFKIndex="361F48BD-BCC4-E661-4DF6-930063A9EE02" name="PERMANENTE_RESIDENTE_FK">
<createdBy>victo</createdBy>
<createdTime>2025-09-01 15:18:04 UTC</createdTime>
<generatorID>DBD9CA7A-953B-22A6-EB99-18EDD12E4F3D</generatorID>
<ownerDesignName>Residencia_sumativa</ownerDesignName>
<referredTableLongName>RESIDENTE</referredTableLongName>
<arc>D67B3371-1520-1595-9B2E-00B4816044AF</arc>
<deleteRule>NO ACTION</deleteRule>
<referredTableID>078968DC-D6B7-60B0-1B44-3E0222708F5B</referredTableID>
<keyObject>D4328935-0067-C6A6-3661-B5BE71F6A232</keyObject>
<referredKeyID>D4328935-0067-C6A6-3661-B5BE71F6A232</referredKeyID>
<mandatory>true</mandatory>
<refColNames>RUT</refColNames>
<transferable>true</transferable>
<rely>false</rely>
<columnDependencyConstraintGenerateInDDL>true</columnDependencyConstraintGenerateInDDL>
</FKIndexAssociation>
