<?xml version = '1.0' encoding = 'UTF-8'?>
<FKIndexAssociation class="oracle.dbtools.crest.model.design.relational.FKIndexAssociation" directorySegmentName="seg_0" id="2CDF1D2E-93A7-B07A-38F7-94D377B14EF1" containerWithKeyObject="15A3D755-C2C5-F9A6-D5B4-34D0145C1D99" localFKIndex="E827BEEE-3EC2-DBEE-97B9-15C88975D096" name="ANEXO_CONTRATO_FK">
<createdBy>victo</createdBy>
<createdTime>2025-09-01 15:18:04 UTC</createdTime>
<generatorID>F88F681C-42C9-02CD-A605-AD47BFF6261C</generatorID>
<ownerDesignName>Residencia_sumativa</ownerDesignName>
<referredTableLongName>CONTRATO</referredTableLongName>
<deleteRule>NO ACTION</deleteRule>
<referredTableID>5302A1FE-108A-5DCA-DC80-6AE9DE0CD137</referredTableID>
<keyObject>BE1E2C65-94E3-0200-E3D0-FAD53FDD3F8B</keyObject>
<referredKeyID>BE1E2C65-94E3-0200-E3D0-FAD53FDD3F8B</referredKeyID>
<mandatory>true</mandatory>
<refColNames>ID_Contrato</refColNames>
<transferable>true</transferable>
<rely>false</rely>
<columnDependencyConstraintGenerateInDDL>true</columnDependencyConstraintGenerateInDDL>
</FKIndexAssociation>
