<?xml version = '1.0' encoding = 'UTF-8'?>
<FKIndexAssociation class="oracle.dbtools.crest.model.design.relational.FKIndexAssociation" directorySegmentName="seg_0" id="3CA50AEE-BFD2-E381-1B92-63D8F725B981" containerWithKeyObject="078968DC-D6B7-60B0-1B44-3E0222708F5B" localFKIndex="A75A9B4C-5C7E-8F7D-D1C6-6DC92E6F52A7" name="RESIDENTE_PERSONA_FK">
<createdBy>victo</createdBy>
<createdTime>2025-09-01 15:18:04 UTC</createdTime>
<generatorID>412799A1-2110-DAC7-C4BE-EA172B1B4937</generatorID>
<ownerDesignName>Residencia_sumativa</ownerDesignName>
<referredTableLongName>PERSONA</referredTableLongName>
<arc>2B170A00-7DDB-E28C-19F2-4F5D4BE453EB</arc>
<deleteRule>NO ACTION</deleteRule>
<referredTableID>B2C1487B-2D72-73BF-496F-35558DB5E632</referredTableID>
<keyObject>3A9E13FF-56AE-0D0B-D791-6E43FA45F8AB</keyObject>
<referredKeyID>3A9E13FF-56AE-0D0B-D791-6E43FA45F8AB</referredKeyID>
<mandatory>true</mandatory>
<refColNames>RUT</refColNames>
<transferable>true</transferable>
<rely>false</rely>
<columnDependencyConstraintGenerateInDDL>true</columnDependencyConstraintGenerateInDDL>
</FKIndexAssociation>
