<?xml version = '1.0' encoding = 'UTF-8'?>
<FKIndexAssociation class="oracle.dbtools.crest.model.design.relational.FKIndexAssociation" directorySegmentName="seg_0" id="4250897E-BA24-F087-F001-CAE402987E5B" containerWithKeyObject="672A3C14-BB98-1FB6-F86E-DC9BA64650F6" localFKIndex="2D27548E-C98F-1EA1-3E98-71D5A7F2FCE7" name="MEDICO_MEDICO_FK">
<createdBy>victo</createdBy>
<createdTime>2025-09-01 15:18:04 UTC</createdTime>
<generatorID>EE8D5423-610A-F4EE-21D4-79324E2ECFC8</generatorID>
<ownerDesignName>Residencia_sumativa</ownerDesignName>
<referredTableLongName>MEDICO</referredTableLongName>
<deleteRule>NO ACTION</deleteRule>
<referredTableID>672A3C14-BB98-1FB6-F86E-DC9BA64650F6</referredTableID>
<keyObject>294F648D-3DF2-CDD3-AD74-DCB95A0A2CC3</keyObject>
<referredKeyID>294F648D-3DF2-CDD3-AD74-DCB95A0A2CC3</referredKeyID>
<mandatory>true</mandatory>
<refColNames>RUT</refColNames>
<transferable>true</transferable>
<rely>false</rely>
<columnDependencyConstraintGenerateInDDL>true</columnDependencyConstraintGenerateInDDL>
</FKIndexAssociation>
