<?xml version = '1.0' encoding = 'UTF-8'?>
<FKIndexAssociation class="oracle.dbtools.crest.model.design.relational.FKIndexAssociation" directorySegmentName="seg_0" id="4DDD1326-0D93-5246-173C-BB8C76AFBCBC" containerWithKeyObject="5755E4CC-6A57-786D-1AE9-6219E0A4E677" localFKIndex="002993C5-8696-142F-FAF5-C0C958456290" name="HABITACION_RESIDENCIA_FK">
<createdBy>victo</createdBy>
<createdTime>2025-09-01 15:18:04 UTC</createdTime>
<generatorID>F5C8A204-A355-B3FF-3DCA-331C3D063B03</generatorID>
<ownerDesignName>Residencia_sumativa</ownerDesignName>
<referredTableLongName>RESIDENCIA</referredTableLongName>
<deleteRule>NO ACTION</deleteRule>
<referredTableID>09C7232D-E6F8-FCEF-CA1E-869BA3155839</referredTableID>
<keyObject>A616925F-32A2-4EE3-7148-E41E16FCE7C5</keyObject>
<referredKeyID>A616925F-32A2-4EE3-7148-E41E16FCE7C5</referredKeyID>
<mandatory>true</mandatory>
<refColNames>ID_residencia</refColNames>
<transferable>true</transferable>
<rely>false</rely>
<columnDependencyConstraintGenerateInDDL>true</columnDependencyConstraintGenerateInDDL>
</FKIndexAssociation>
