<?xml version = '1.0' encoding = 'UTF-8'?>
<FKIndexAssociation class="oracle.dbtools.crest.model.design.relational.FKIndexAssociation" directorySegmentName="seg_0" id="8D129AB8-CDB0-E5DC-9D44-59BC9A387F43" containerWithKeyObject="5302A1FE-108A-5DCA-DC80-6AE9DE0CD137" localFKIndex="05B01CB9-3303-B762-C1E9-0210DF1D398A" name="CONTRATO_APODERADO_FK">
<createdBy>victo</createdBy>
<createdTime>2025-09-01 15:18:04 UTC</createdTime>
<generatorID>9F9E94F9-0AE2-067D-B238-110F88E3A03D</generatorID>
<ownerDesignName>Residencia_sumativa</ownerDesignName>
<referredTableLongName>APODERADO</referredTableLongName>
<deleteRule>NO ACTION</deleteRule>
<referredTableID>F2733A3A-C76D-87B3-E46E-9DFB1D887E01</referredTableID>
<keyObject>6400788C-1B5A-3953-5AEC-021551AF6513</keyObject>
<referredKeyID>6400788C-1B5A-3953-5AEC-021551AF6513</referredKeyID>
<mandatory>true</mandatory>
<refColNames>RUT</refColNames>
<transferable>true</transferable>
<rely>false</rely>
<columnDependencyConstraintGenerateInDDL>true</columnDependencyConstraintGenerateInDDL>
</FKIndexAssociation>
