<?xml version = '1.0' encoding = 'UTF-8'?>
<FKIndexAssociation class="oracle.dbtools.crest.model.design.relational.FKIndexAssociation" directorySegmentName="seg_0" id="91043F87-1DA5-0E65-CDD0-C762D7567DD0" containerWithKeyObject="CD7EF82B-EC0E-F0D9-B93B-F6FAFBEA0B4C" localFKIndex="954820C0-3332-CDAD-5A83-23AC164E730A" name="PERSONAL_RESIDENCIA_FK">
<createdBy>victo</createdBy>
<createdTime>2025-09-01 15:28:29 UTC</createdTime>
<generatorID>575265F4-5315-5F13-9363-86F1397E1121</generatorID>
<ownerDesignName>Residencia_sumativa</ownerDesignName>
<referredTableLongName>RESIDENCIA</referredTableLongName>
<deleteRule>NO ACTION</deleteRule>
<referredTableID>09C7232D-E6F8-FCEF-CA1E-869BA3155839</referredTableID>
<keyObject>A616925F-32A2-4EE3-7148-E41E16FCE7C5</keyObject>
<referredKeyID>A616925F-32A2-4EE3-7148-E41E16FCE7C5</referredKeyID>
<mandatory>true</mandatory>
<refColNames>ID_residencia</refColNames>
<transferable>true</transferable>
<rely>false</rely>
<columnDependencyConstraintGenerateInDDL>true</columnDependencyConstraintGenerateInDDL>
</FKIndexAssociation>
