<?xml version = '1.0' encoding = 'UTF-8'?>
<FKIndexAssociation class="oracle.dbtools.crest.model.design.relational.FKIndexAssociation" directorySegmentName="seg_0" id="C02A9FA0-6D03-5EAA-D505-C74453ABEFA8" containerWithKeyObject="5755E4CC-6A57-786D-1AE9-6219E0A4E677" localFKIndex="481F79EC-7821-3F18-56C5-31B6249A71C2" name="HABITACION_RESIDENTE_FK">
<createdBy>victo</createdBy>
<createdTime>2025-09-01 15:18:04 UTC</createdTime>
<generatorID>F84387EB-40EF-DE3B-66B4-0BCBB8145477</generatorID>
<ownerDesignName>Residencia_sumativa</ownerDesignName>
<referredTableLongName>RESIDENTE</referredTableLongName>
<deleteRule>NO ACTION</deleteRule>
<referredTableID>078968DC-D6B7-60B0-1B44-3E0222708F5B</referredTableID>
<keyObject>D4328935-0067-C6A6-3661-B5BE71F6A232</keyObject>
<referredKeyID>D4328935-0067-C6A6-3661-B5BE71F6A232</referredKeyID>
<mandatory>true</mandatory>
<refColNames>RUT</refColNames>
<transferable>true</transferable>
<rely>false</rely>
<columnDependencyConstraintGenerateInDDL>true</columnDependencyConstraintGenerateInDDL>
</FKIndexAssociation>
