<?xml version = '1.0' encoding = 'UTF-8'?>
<FKIndexAssociation class="oracle.dbtools.crest.model.design.relational.FKIndexAssociation" directorySegmentName="seg_0" id="C4B4D3B2-06F5-A401-36E4-656D4B0A0C8D" containerWithKeyObject="CD7EF82B-EC0E-F0D9-B93B-F6FAFBEA0B4C" localFKIndex="842BCD32-2671-3098-B6C6-238473CD5CAC" name="PERSONAL_PERSONA_FK">
<createdBy>victo</createdBy>
<createdTime>2025-09-01 15:18:04 UTC</createdTime>
<generatorID>D94D966D-1E5A-769C-4DF8-E6EF1462D883</generatorID>
<ownerDesignName>Residencia_sumativa</ownerDesignName>
<referredTableLongName>PERSONA</referredTableLongName>
<arc>2B170A00-7DDB-E28C-19F2-4F5D4BE453EB</arc>
<deleteRule>NO ACTION</deleteRule>
<referredTableID>B2C1487B-2D72-73BF-496F-35558DB5E632</referredTableID>
<keyObject>3A9E13FF-56AE-0D0B-D791-6E43FA45F8AB</keyObject>
<referredKeyID>3A9E13FF-56AE-0D0B-D791-6E43FA45F8AB</referredKeyID>
<mandatory>true</mandatory>
<refColNames>RUT</refColNames>
<transferable>true</transferable>
<rely>false</rely>
<columnDependencyConstraintGenerateInDDL>true</columnDependencyConstraintGenerateInDDL>
</FKIndexAssociation>
