<?xml version = '1.0' encoding = 'UTF-8'?>
<FKIndexAssociation class="oracle.dbtools.crest.model.design.relational.FKIndexAssociation" directorySegmentName="seg_0" id="C5133A38-CB04-3073-23D2-2992DA5A3BE8" containerWithKeyObject="14380128-84E3-9BE1-E020-0BFD8140D258" localFKIndex="B917E81B-EE07-00E0-F339-3470588AF7D9" name="TEMPORAL_RESIDENTE_FK">
<createdBy>victo</createdBy>
<createdTime>2025-09-01 15:18:04 UTC</createdTime>
<generatorID>93A6B855-2EFA-1079-4EFC-8EEE32D1CA0E</generatorID>
<ownerDesignName>Residencia_sumativa</ownerDesignName>
<referredTableLongName>RESIDENTE</referredTableLongName>
<arc>D67B3371-1520-1595-9B2E-00B4816044AF</arc>
<deleteRule>NO ACTION</deleteRule>
<referredTableID>078968DC-D6B7-60B0-1B44-3E0222708F5B</referredTableID>
<keyObject>D4328935-0067-C6A6-3661-B5BE71F6A232</keyObject>
<referredKeyID>D4328935-0067-C6A6-3661-B5BE71F6A232</referredKeyID>
<mandatory>true</mandatory>
<refColNames>RUT</refColNames>
<transferable>true</transferable>
<rely>false</rely>
<columnDependencyConstraintGenerateInDDL>true</columnDependencyConstraintGenerateInDDL>
</FKIndexAssociation>
