<?xml version = '1.0' encoding = 'UTF-8'?>
<FKIndexAssociation class="oracle.dbtools.crest.model.design.relational.FKIndexAssociation" directorySegmentName="seg_0" id="C520A2D5-93EA-FAC4-7E6D-0419B9D4A24E" containerWithKeyObject="078968DC-D6B7-60B0-1B44-3E0222708F5B" localFKIndex="7124667A-FDD5-F83E-9B31-E95F671489B1" name="RESIDENTE_HABITACION_FK">
<createdBy>victo</createdBy>
<createdTime>2025-09-01 15:28:29 UTC</createdTime>
<generatorID>F84387EB-40EF-DE3B-66B4-0BCBB8145477</generatorID>
<ownerDesignName>Residencia_sumativa</ownerDesignName>
<referredTableLongName>HABITACION</referredTableLongName>
<deleteRule>NO ACTION</deleteRule>
<referredTableID>5755E4CC-6A57-786D-1AE9-6219E0A4E677</referredTableID>
<keyObject>BC979570-EB37-7ECD-0CA8-F34283F6DACE</keyObject>
<referredKeyID>BC979570-EB37-7ECD-0CA8-F34283F6DACE</referredKeyID>
<mandatory>true</mandatory>
<refColNames>ID_habitacion</refColNames>
<transferable>true</transferable>
<rely>false</rely>
<columnDependencyConstraintGenerateInDDL>true</columnDependencyConstraintGenerateInDDL>
</FKIndexAssociation>
