<?xml version = '1.0' encoding = 'UTF-8'?>
<FKIndexAssociation class="oracle.dbtools.crest.model.design.relational.FKIndexAssociation" directorySegmentName="seg_0" id="F8A9382B-676F-A632-FD41-ECD026C40808" containerWithKeyObject="15A3D755-C2C5-F9A6-D5B4-34D0145C1D99" localFKIndex="3240AA25-132C-9A6F-B272-4ECC295F960B" name="ANEXO_RESIDENTE_FK">
<createdBy>victo</createdBy>
<createdTime>2025-09-01 15:18:04 UTC</createdTime>
<generatorID>4E55B4CC-DDB7-667A-CE9F-2AD7EEC86176</generatorID>
<ownerDesignName>Residencia_sumativa</ownerDesignName>
<referredTableLongName>RESIDENTE</referredTableLongName>
<deleteRule>NO ACTION</deleteRule>
<referredTableID>078968DC-D6B7-60B0-1B44-3E0222708F5B</referredTableID>
<keyObject>D4328935-0067-C6A6-3661-B5BE71F6A232</keyObject>
<referredKeyID>D4328935-0067-C6A6-3661-B5BE71F6A232</referredKeyID>
<mandatory>true</mandatory>
<refColNames>RUT</refColNames>
<transferable>true</transferable>
<rely>false</rely>
<columnDependencyConstraintGenerateInDDL>true</columnDependencyConstraintGenerateInDDL>
</FKIndexAssociation>
