<?xml version = '1.0' encoding = 'UTF-8'?>
<InheritanceRelation class="oracle.dbtools.crest.model.design.logical.InheritanceRelation" name="Hierarchy_5" directorySegmentName="seg_0" id="412799A1-2110-DAC7-C4BE-EA172B1B4937">
<createdBy>victo</createdBy>
<createdTime>2025-08-28 18:04:37 UTC</createdTime>
<ownerDesignName>Sumativa 1</ownerDesignName>
<engineerTo>
<item key="E562A3C3-8456-253F-CE9B-D29E5EE0CCE0" value="true"/>
</engineerTo>
<identifying>false</identifying>
<nameOnSource>Super Type</nameOnSource>
<nameOnTarget>Sub Type</nameOnTarget>
<optionalSource>true</optionalSource>
<optionalTarget>true</optionalTarget>
<sourceEntity>83B252FA-1379-5F36-64AB-C0A05CF0A8E4</sourceEntity>
<targetEntity>1CEC78EB-D39D-2799-0752-BF49F8F0A17E</targetEntity>
<transferable>true</transferable>
<deleteRule>NO ACTION</deleteRule>
</InheritanceRelation>
