<?xml version = '1.0' encoding = 'UTF-8'?>
<InheritanceRelation class="oracle.dbtools.crest.model.design.logical.InheritanceRelation" name="Hierarchy_3" directorySegmentName="seg_0" id="73E9BBE1-D06B-7F19-28C5-A32D498DCDBE">
<createdBy>victo</createdBy>
<createdTime>2025-08-28 03:52:14 UTC</createdTime>
<ownerDesignName>Sumativa 1</ownerDesignName>
<engineerTo>
<item key="E562A3C3-8456-253F-CE9B-D29E5EE0CCE0" value="true"/>
</engineerTo>
<identifying>false</identifying>
<nameOnSource>Super Type</nameOnSource>
<nameOnTarget>Sub Type</nameOnTarget>
<optionalSource>true</optionalSource>
<optionalTarget>true</optionalTarget>
<sourceEntity>5A9B57D8-8614-5008-C1E9-873573A769DD</sourceEntity>
<targetEntity>966C8957-6BAB-3E71-CF49-3823D6EB3A54</targetEntity>
<transferable>true</transferable>
<deleteRule>NO ACTION</deleteRule>
</InheritanceRelation>
