<?xml version = '1.0' encoding = 'UTF-8'?>
<InheritanceRelation class="oracle.dbtools.crest.model.design.logical.InheritanceRelation" name="Hierarchy_2" directorySegmentName="seg_0" id="93A6B855-2EFA-1079-4EFC-8EEE32D1CA0E">
<createdBy>victo</createdBy>
<createdTime>2025-08-28 03:47:55 UTC</createdTime>
<ownerDesignName>Sumativa 1</ownerDesignName>
<engineerTo>
<item key="E562A3C3-8456-253F-CE9B-D29E5EE0CCE0" value="true"/>
</engineerTo>
<identifying>false</identifying>
<nameOnSource>Super Type</nameOnSource>
<nameOnTarget>Sub Type</nameOnTarget>
<optionalSource>true</optionalSource>
<optionalTarget>true</optionalTarget>
<sourceEntity>1CEC78EB-D39D-2799-0752-BF49F8F0A17E</sourceEntity>
<targetEntity>B7FC0A2D-A717-97FA-FD78-AF57F78C4D6C</targetEntity>
<transferable>true</transferable>
<deleteRule>NO ACTION</deleteRule>
</InheritanceRelation>
