<?xml version = '1.0' encoding = 'UTF-8'?>
<InheritanceRelation class="oracle.dbtools.crest.model.design.logical.InheritanceRelation" name="Hierarchy_6" directorySegmentName="seg_0" id="D94D966D-1E5A-769C-4DF8-E6EF1462D883">
<createdBy>victo</createdBy>
<createdTime>2025-08-28 18:04:46 UTC</createdTime>
<ownerDesignName>Sumativa 1</ownerDesignName>
<engineerTo>
<item key="E562A3C3-8456-253F-CE9B-D29E5EE0CCE0" value="true"/>
</engineerTo>
<identifying>false</identifying>
<nameOnSource>Super Type</nameOnSource>
<nameOnTarget>Sub Type</nameOnTarget>
<optionalSource>true</optionalSource>
<optionalTarget>true</optionalTarget>
<sourceEntity>83B252FA-1379-5F36-64AB-C0A05CF0A8E4</sourceEntity>
<targetEntity>5A9B57D8-8614-5008-C1E9-873573A769DD</targetEntity>
<transferable>true</transferable>
<deleteRule>NO ACTION</deleteRule>
</InheritanceRelation>
