<?xml version = '1.0' encoding = 'UTF-8'?>
<InheritanceRelation class="oracle.dbtools.crest.model.design.logical.InheritanceRelation" name="Hierarchy_1" directorySegmentName="seg_0" id="DBD9CA7A-953B-22A6-EB99-18EDD12E4F3D">
<createdBy>victo</createdBy>
<createdTime>2025-08-28 03:47:05 UTC</createdTime>
<ownerDesignName>Sumativa 1</ownerDesignName>
<engineerTo>
<item key="E562A3C3-8456-253F-CE9B-D29E5EE0CCE0" value="true"/>
</engineerTo>
<identifying>false</identifying>
<nameOnSource>Super Type</nameOnSource>
<nameOnTarget>Sub Type</nameOnTarget>
<optionalSource>true</optionalSource>
<optionalTarget>true</optionalTarget>
<sourceEntity>1CEC78EB-D39D-2799-0752-BF49F8F0A17E</sourceEntity>
<targetEntity>CF64156E-C735-AAF1-AE62-9F2DD9151DE3</targetEntity>
<transferable>true</transferable>
<deleteRule>NO ACTION</deleteRule>
</InheritanceRelation>
