<?xml version = '1.0' encoding = 'UTF-8'?>
<Table class="oracle.dbtools.crest.model.design.relational.Table" directorySegmentName="seg_0" id="078968DC-D6B7-60B0-1B44-3E0222708F5B" name="RESIDENTE">
<createdBy>victo</createdBy>
<createdTime>2025-09-01 15:18:04 UTC</createdTime>
<generatorID>1CEC78EB-D39D-2799-0752-BF49F8F0A17E</generatorID>
<ownerDesignName>Residencia_sumativa</ownerDesignName>
<allowColumnReorder>false</allowColumnReorder>
<existDependencyGenerateInDDl>true</existDependencyGenerateInDDl>
<parsed>true</parsed>
<columns itemClass="oracle.dbtools.crest.model.design.relational.Column">
<Column name="RUT" id="EE654F8E-4406-C788-02A4-B5302B36C2C8">
<createdBy>victo</createdBy>
<createdTime>2025-09-01 15:18:04 UTC</createdTime>
<generatorID>AD7A33D7-7D42-A088-758F-AE60E211F13E</generatorID>
<ownerDesignName>Residencia_sumativa</ownerDesignName>
<useDomainConstraints>false</useDomainConstraints>
<use>1</use>
<logicalDatatype>LOGDT024</logicalDatatype>
<dataTypeSize>12</dataTypeSize>
<ownDataTypeParameters>,,</ownDataTypeParameters>
<autoIncrementCycle>false</autoIncrementCycle>
<associations>
<colAssociation fkAssociation="3CA50AEE-BFD2-E381-1B92-63D8F725B981" referredColumn="E3CB9BEF-3A6C-8436-186B-35D3E18089B9"/>
</associations>
</Column>
<Column name="Autonomia" id="4BC2AA04-166C-8F35-32CE-EDFDDF241167">
<createdBy>victo</createdBy>
<createdTime>2025-09-01 15:18:04 UTC</createdTime>
<commentInRDBMS><![CDATA[Si/No]]></commentInRDBMS>
<generatorID>B19768A7-45EF-3CD5-7A63-E0FD33D05FF5</generatorID>
<ownerDesignName>Residencia_sumativa</ownerDesignName>
<useDomainConstraints>false</useDomainConstraints>
<use>1</use>
<logicalDatatype>LOGDT006</logicalDatatype>
<dataTypeSize>2</dataTypeSize>
<ownDataTypeParameters>2,,</ownDataTypeParameters>
<autoIncrementCycle>false</autoIncrementCycle>
</Column>
<Column name="Fecha_nacimiento" id="2C9B6CAA-F0C3-2D7B-4E85-2EF8CA778D70">
<createdBy>victo</createdBy>
<createdTime>2025-09-01 15:18:04 UTC</createdTime>
<generatorID>A18EF696-89A7-65BC-291A-53F66F76D1A8</generatorID>
<ownerDesignName>Residencia_sumativa</ownerDesignName>
<useDomainConstraints>false</useDomainConstraints>
<use>1</use>
<logicalDatatype>LOGDT007</logicalDatatype>
<ownDataTypeParameters>,,</ownDataTypeParameters>
<autoIncrementCycle>false</autoIncrementCycle>
</Column>
<Column name="Observaciones" id="B3AE73FA-27D1-58F3-EE7F-673F0ABB9DE6">
<createdBy>victo</createdBy>
<createdTime>2025-09-01 15:18:04 UTC</createdTime>
<generatorID>A7FE9B0D-2B23-EC69-94B9-81C0AB1B598E</generatorID>
<ownerDesignName>Residencia_sumativa</ownerDesignName>
<nullsAllowed>true</nullsAllowed>
<useDomainConstraints>false</useDomainConstraints>
<use>1</use>
<logicalDatatype>LOGDT024</logicalDatatype>
<dataTypeSize>200</dataTypeSize>
<ownDataTypeParameters>200,,</ownDataTypeParameters>
<autoIncrementCycle>false</autoIncrementCycle>
</Column>
<Column name="HABITACION_ID_habitacion" id="34C91459-A31D-274E-E2F8-4F88A9EC50E7">
<createdBy>victo</createdBy>
<createdTime>2025-09-01 15:28:29 UTC</createdTime>
<generatorID>51D26E89-77E9-68D4-871B-419E92806E13</generatorID>
<ownerDesignName>Residencia_sumativa</ownerDesignName>
<useDomainConstraints>false</useDomainConstraints>
<use>1</use>
<logicalDatatype>LOGDT024</logicalDatatype>
<dataTypeSize>30</dataTypeSize>
<ownDataTypeParameters>,,</ownDataTypeParameters>
<previousColumn>false</previousColumn>
<autoIncrementCycle>false</autoIncrementCycle>
<associations>
<colAssociation fkAssociation="C520A2D5-93EA-FAC4-7E6D-0419B9D4A24E" referredColumn="BB1A29DF-A47D-B52B-C063-5A3B8B16E05B"/>
</associations>
</Column>
</columns>
<indexes itemClass="oracle.dbtools.crest.model.design.relational.Index">
<ind_PK_UK id="D4328935-0067-C6A6-3661-B5BE71F6A232" name="RESIDENTE_PK">
<createdBy>victo</createdBy>
<createdTime>2025-09-01 15:18:04 UTC</createdTime>
<generatorID>2C3BC15E-F3D9-B4A7-D4C2-62F06D633006</generatorID>
<ownerDesignName>Residencia_sumativa</ownerDesignName>
<pk>true</pk>
<indexState>Primary Constraint</indexState>
<isSurrogateKey>false</isSurrogateKey>
<indexColumnUsage>
<colUsage columnID="EE654F8E-4406-C788-02A4-B5302B36C2C8"/>
</indexColumnUsage>
</ind_PK_UK>
<ind_PK_UK id="B802A3DD-4DA8-95BA-A911-BF0C5A3C4BC7" name="RESIDENTE__IDX">
<createdBy>victo</createdBy>
<createdTime>2025-09-01 15:18:04 UTC</createdTime>
<ownerDesignName>Residencia_sumativa</ownerDesignName>
<indexState>Unique Plain Index</indexState>
<isSurrogateKey>false</isSurrogateKey>
<relationGeneratorID>F84387EB-40EF-DE3B-66B4-0BCBB8145477</relationGeneratorID>
</ind_PK_UK>
<ind_PK_UK id="FF109139-381C-9FD2-004B-29B48C8871CF" name="RESIDENTE__IDXv1">
<createdBy>victo</createdBy>
<createdTime>2025-09-01 15:28:29 UTC</createdTime>
<ownerDesignName>Residencia_sumativa</ownerDesignName>
<indexState>Unique Plain Index</indexState>
<isSurrogateKey>false</isSurrogateKey>
<relationGeneratorID>F84387EB-40EF-DE3B-66B4-0BCBB8145477</relationGeneratorID>
<indexColumnUsage>
<colUsage columnID="34C91459-A31D-274E-E2F8-4F88A9EC50E7"/>
</indexColumnUsage>
</ind_PK_UK>
<ind_PK_UK id="A75A9B4C-5C7E-8F7D-D1C6-6DC92E6F52A7" name="RESIDENTE_PERSONA_FK">
<createdBy>victo</createdBy>
<createdTime>2025-09-01 15:18:04 UTC</createdTime>
<generatorID>412799A1-2110-DAC7-C4BE-EA172B1B4937</generatorID>
<ownerDesignName>Residencia_sumativa</ownerDesignName>
<indexState>Foreign Key</indexState>
<isSurrogateKey>false</isSurrogateKey>
<indexColumnUsage>
<colUsage columnID="EE654F8E-4406-C788-02A4-B5302B36C2C8"/>
</indexColumnUsage>
</ind_PK_UK>
<ind_PK_UK id="7124667A-FDD5-F83E-9B31-E95F671489B1" name="RESIDENTE_HABITACION_FK">
<createdBy>victo</createdBy>
<createdTime>2025-09-01 15:28:29 UTC</createdTime>
<generatorID>F84387EB-40EF-DE3B-66B4-0BCBB8145477</generatorID>
<ownerDesignName>Residencia_sumativa</ownerDesignName>
<indexState>Foreign Key</indexState>
<isSurrogateKey>false</isSurrogateKey>
<indexColumnUsage>
<colUsage columnID="34C91459-A31D-274E-E2F8-4F88A9EC50E7"/>
</indexColumnUsage>
</ind_PK_UK>
</indexes>
</Table>
