<?xml version = '1.0' encoding = 'UTF-8'?>
<Table class="oracle.dbtools.crest.model.design.relational.Table" directorySegmentName="seg_0" id="14380128-84E3-9BE1-E020-0BFD8140D258" name="TEMPORAL">
<createdBy>victo</createdBy>
<createdTime>2025-09-01 15:18:04 UTC</createdTime>
<generatorID>B7FC0A2D-A717-97FA-FD78-AF57F78C4D6C</generatorID>
<ownerDesignName>Residencia_sumativa</ownerDesignName>
<allowColumnReorder>false</allowColumnReorder>
<existDependencyGenerateInDDl>true</existDependencyGenerateInDDl>
<parsed>true</parsed>
<columns itemClass="oracle.dbtools.crest.model.design.relational.Column">
<Column name="RUT" id="98FC5E11-38E2-97F4-3233-525E698A1B80">
<createdBy>victo</createdBy>
<createdTime>2025-09-01 15:18:04 UTC</createdTime>
<generatorID>AD7A33D7-7D42-A088-758F-AE60E211F13E</generatorID>
<ownerDesignName>Residencia_sumativa</ownerDesignName>
<useDomainConstraints>false</useDomainConstraints>
<use>1</use>
<logicalDatatype>LOGDT024</logicalDatatype>
<dataTypeSize>12</dataTypeSize>
<ownDataTypeParameters>,,</ownDataTypeParameters>
<autoIncrementCycle>false</autoIncrementCycle>
<associations>
<colAssociation fkAssociation="C5133A38-CB04-3073-23D2-2992DA5A3BE8" referredColumn="EE654F8E-4406-C788-02A4-B5302B36C2C8"/>
</associations>
</Column>
<Column name="Dias_previstos" id="0B577225-5820-C8A5-3A83-242708ABAB31">
<createdBy>victo</createdBy>
<createdTime>2025-09-01 15:18:04 UTC</createdTime>
<generatorID>ABD5A371-B93C-6623-254A-27790EDDD86B</generatorID>
<ownerDesignName>Residencia_sumativa</ownerDesignName>
<useDomainConstraints>false</useDomainConstraints>
<use>1</use>
<logicalDatatype>LOGDT019</logicalDatatype>
<ownDataTypeParameters>,,</ownDataTypeParameters>
<autoIncrementCycle>false</autoIncrementCycle>
</Column>
</columns>
<indexes itemClass="oracle.dbtools.crest.model.design.relational.Index">
<ind_PK_UK id="C1089111-99A2-CFBB-61BB-64F13C706ECA" name="TEMPORAL_PK">
<createdBy>victo</createdBy>
<createdTime>2025-09-01 15:18:04 UTC</createdTime>
<generatorID>2C3BC15E-F3D9-B4A7-D4C2-62F06D633006</generatorID>
<ownerDesignName>Residencia_sumativa</ownerDesignName>
<pk>true</pk>
<indexState>Primary Constraint</indexState>
<isSurrogateKey>false</isSurrogateKey>
<indexColumnUsage>
<colUsage columnID="98FC5E11-38E2-97F4-3233-525E698A1B80"/>
</indexColumnUsage>
</ind_PK_UK>
<ind_PK_UK id="B917E81B-EE07-00E0-F339-3470588AF7D9" name="TEMPORAL_RESIDENTE_FK">
<createdBy>victo</createdBy>
<createdTime>2025-09-01 15:18:04 UTC</createdTime>
<generatorID>93A6B855-2EFA-1079-4EFC-8EEE32D1CA0E</generatorID>
<ownerDesignName>Residencia_sumativa</ownerDesignName>
<indexState>Foreign Key</indexState>
<isSurrogateKey>false</isSurrogateKey>
<indexColumnUsage>
<colUsage columnID="98FC5E11-38E2-97F4-3233-525E698A1B80"/>
</indexColumnUsage>
</ind_PK_UK>
</indexes>
</Table>
