<?xml version = '1.0' encoding = 'UTF-8'?>
<Table class="oracle.dbtools.crest.model.design.relational.Table" directorySegmentName="seg_0" id="15A3D755-C2C5-F9A6-D5B4-34D0145C1D99" name="ANEXO">
<createdBy>victo</createdBy>
<createdTime>2025-09-01 15:18:04 UTC</createdTime>
<generatorID>A10BF326-CEC0-DC61-AC9A-1472FA21B3F8</generatorID>
<ownerDesignName>Residencia_sumativa</ownerDesignName>
<allowColumnReorder>false</allowColumnReorder>
<existDependencyGenerateInDDl>true</existDependencyGenerateInDDl>
<parsed>true</parsed>
<columns itemClass="oracle.dbtools.crest.model.design.relational.Column">
<Column name="ID_anexo" id="D087DB83-BCB2-873E-E313-9A234E577951">
<createdBy>victo</createdBy>
<createdTime>2025-09-01 15:18:04 UTC</createdTime>
<generatorID>8A535E92-084D-70F8-6E83-37A70821D1B7</generatorID>
<ownerDesignName>Residencia_sumativa</ownerDesignName>
<useDomainConstraints>false</useDomainConstraints>
<use>1</use>
<logicalDatatype>LOGDT024</logicalDatatype>
<dataTypeSize>30</dataTypeSize>
<ownDataTypeParameters>30,,</ownDataTypeParameters>
<autoIncrementCycle>false</autoIncrementCycle>
</Column>
<Column name="Fecha_inicio" id="B486C2EC-8C47-6C56-7F92-C2EB132BE4CE">
<createdBy>victo</createdBy>
<createdTime>2025-09-01 15:18:04 UTC</createdTime>
<generatorID>951B27EE-2AC3-829F-83CC-11E571EAB72E</generatorID>
<ownerDesignName>Residencia_sumativa</ownerDesignName>
<useDomainConstraints>false</useDomainConstraints>
<use>1</use>
<logicalDatatype>LOGDT007</logicalDatatype>
<ownDataTypeParameters>,,</ownDataTypeParameters>
<autoIncrementCycle>false</autoIncrementCycle>
</Column>
<Column name="Fecha_termino" id="8BCB7E52-3452-6DF5-9E75-E5005A2E1E57">
<createdBy>victo</createdBy>
<createdTime>2025-09-01 15:18:04 UTC</createdTime>
<generatorID>3267FB17-DE86-D830-6BA9-15FDF6523C81</generatorID>
<ownerDesignName>Residencia_sumativa</ownerDesignName>
<nullsAllowed>true</nullsAllowed>
<useDomainConstraints>false</useDomainConstraints>
<use>1</use>
<logicalDatatype>LOGDT007</logicalDatatype>
<ownDataTypeParameters>,,</ownDataTypeParameters>
<autoIncrementCycle>false</autoIncrementCycle>
</Column>
<Column name="Observaciones" id="9DA2A4B4-0620-9F07-5A5A-C0DAEA09283C">
<createdBy>victo</createdBy>
<createdTime>2025-09-01 15:18:04 UTC</createdTime>
<generatorID>A4279D4D-F185-D6BC-4AEA-FFD599067BBC</generatorID>
<ownerDesignName>Residencia_sumativa</ownerDesignName>
<nullsAllowed>true</nullsAllowed>
<useDomainConstraints>false</useDomainConstraints>
<use>1</use>
<logicalDatatype>LOGDT024</logicalDatatype>
<dataTypeSize>200</dataTypeSize>
<ownDataTypeParameters>200,,</ownDataTypeParameters>
<autoIncrementCycle>false</autoIncrementCycle>
</Column>
<Column name="RESIDENTE_RUT" id="6694CEC6-9402-457E-B662-7D094ED6F4C6">
<createdBy>victo</createdBy>
<createdTime>2025-09-01 15:18:04 UTC</createdTime>
<generatorID>919DAB46-BC14-B889-209D-8C4EEFAC6452</generatorID>
<ownerDesignName>Residencia_sumativa</ownerDesignName>
<useDomainConstraints>false</useDomainConstraints>
<use>1</use>
<logicalDatatype>LOGDT024</logicalDatatype>
<dataTypeSize>12</dataTypeSize>
<ownDataTypeParameters>,,</ownDataTypeParameters>
<previousColumn>false</previousColumn>
<autoIncrementCycle>false</autoIncrementCycle>
<associations>
<colAssociation fkAssociation="F8A9382B-676F-A632-FD41-ECD026C40808" referredColumn="EE654F8E-4406-C788-02A4-B5302B36C2C8"/>
</associations>
</Column>
<Column name="CONTRATO_ID_Contrato" id="1173D12A-10B0-3130-7D6C-53C792F5E59E">
<createdBy>victo</createdBy>
<createdTime>2025-09-01 15:18:04 UTC</createdTime>
<generatorID>599EBD8B-7BF9-BEF9-260A-284D26DBFFB2</generatorID>
<ownerDesignName>Residencia_sumativa</ownerDesignName>
<useDomainConstraints>false</useDomainConstraints>
<use>1</use>
<logicalDatatype>LOGDT024</logicalDatatype>
<dataTypeSize>30</dataTypeSize>
<ownDataTypeParameters>,,</ownDataTypeParameters>
<previousColumn>false</previousColumn>
<autoIncrementCycle>false</autoIncrementCycle>
<associations>
<colAssociation fkAssociation="2CDF1D2E-93A7-B07A-38F7-94D377B14EF1" referredColumn="00DBCEFD-3526-D630-F31E-5A253B7515F2"/>
</associations>
</Column>
</columns>
<indexes itemClass="oracle.dbtools.crest.model.design.relational.Index">
<ind_PK_UK id="5B6E4AD2-9645-4EE1-4EA9-3213FB988E16" name="ANEXO_PK">
<createdBy>victo</createdBy>
<createdTime>2025-09-01 15:18:04 UTC</createdTime>
<generatorID>D59BB85A-6890-40ED-D4AA-F8C47323E2B5</generatorID>
<ownerDesignName>Residencia_sumativa</ownerDesignName>
<pk>true</pk>
<indexState>Primary Constraint</indexState>
<isSurrogateKey>false</isSurrogateKey>
<indexColumnUsage>
<colUsage columnID="D087DB83-BCB2-873E-E313-9A234E577951"/>
</indexColumnUsage>
</ind_PK_UK>
<ind_PK_UK id="E827BEEE-3EC2-DBEE-97B9-15C88975D096" name="ANEXO_CONTRATO_FK">
<createdBy>victo</createdBy>
<createdTime>2025-09-01 15:18:04 UTC</createdTime>
<generatorID>F88F681C-42C9-02CD-A605-AD47BFF6261C</generatorID>
<ownerDesignName>Residencia_sumativa</ownerDesignName>
<indexState>Foreign Key</indexState>
<isSurrogateKey>false</isSurrogateKey>
<indexColumnUsage>
<colUsage columnID="1173D12A-10B0-3130-7D6C-53C792F5E59E"/>
</indexColumnUsage>
</ind_PK_UK>
<ind_PK_UK id="3240AA25-132C-9A6F-B272-4ECC295F960B" name="ANEXO_RESIDENTE_FK">
<createdBy>victo</createdBy>
<createdTime>2025-09-01 15:18:04 UTC</createdTime>
<generatorID>4E55B4CC-DDB7-667A-CE9F-2AD7EEC86176</generatorID>
<ownerDesignName>Residencia_sumativa</ownerDesignName>
<indexState>Foreign Key</indexState>
<isSurrogateKey>false</isSurrogateKey>
<indexColumnUsage>
<colUsage columnID="6694CEC6-9402-457E-B662-7D094ED6F4C6"/>
</indexColumnUsage>
</ind_PK_UK>
</indexes>
</Table>
