<?xml version = '1.0' encoding = 'UTF-8'?>
<Table class="oracle.dbtools.crest.model.design.relational.Table" directorySegmentName="seg_0" id="5302A1FE-108A-5DCA-DC80-6AE9DE0CD137" name="CONTRATO">
<createdBy>victo</createdBy>
<createdTime>2025-09-01 15:18:04 UTC</createdTime>
<generatorID>44373BC6-0A26-800F-F3C6-959616F3D4B2</generatorID>
<ownerDesignName>Residencia_sumativa</ownerDesignName>
<allowColumnReorder>false</allowColumnReorder>
<existDependencyGenerateInDDl>true</existDependencyGenerateInDDl>
<parsed>true</parsed>
<columns itemClass="oracle.dbtools.crest.model.design.relational.Column">
<Column name="ID_Contrato" id="00DBCEFD-3526-D630-F31E-5A253B7515F2">
<createdBy>victo</createdBy>
<createdTime>2025-09-01 15:18:04 UTC</createdTime>
<generatorID>643A2EC6-0E11-D831-D3A4-7BF6A41F718F</generatorID>
<ownerDesignName>Residencia_sumativa</ownerDesignName>
<useDomainConstraints>false</useDomainConstraints>
<use>1</use>
<logicalDatatype>LOGDT024</logicalDatatype>
<dataTypeSize>30</dataTypeSize>
<ownDataTypeParameters>30,,</ownDataTypeParameters>
<autoIncrementCycle>false</autoIncrementCycle>
</Column>
<Column name="APODERADO_RUT" id="EBAD127A-E59C-A28C-7396-7EED7DE4BEF0">
<createdBy>victo</createdBy>
<createdTime>2025-09-01 15:18:04 UTC</createdTime>
<generatorID>87A0937B-5743-F9E3-1FE0-0AACC8EE0029</generatorID>
<ownerDesignName>Residencia_sumativa</ownerDesignName>
<useDomainConstraints>false</useDomainConstraints>
<use>1</use>
<logicalDatatype>LOGDT024</logicalDatatype>
<dataTypeSize>12</dataTypeSize>
<ownDataTypeParameters>,,</ownDataTypeParameters>
<previousColumn>false</previousColumn>
<autoIncrementCycle>false</autoIncrementCycle>
<associations>
<colAssociation fkAssociation="8D129AB8-CDB0-E5DC-9D44-59BC9A387F43" referredColumn="C3100367-096A-8CCD-24FB-EC6079497341"/>
</associations>
</Column>
<Column name="Fecha_inicio" id="4411AD6B-4653-BEF5-C009-66BACADD4757">
<createdBy>victo</createdBy>
<createdTime>2025-09-01 15:18:04 UTC</createdTime>
<generatorID>93B22316-25D3-D92C-A747-E6FB87FE6B20</generatorID>
<ownerDesignName>Residencia_sumativa</ownerDesignName>
<useDomainConstraints>false</useDomainConstraints>
<use>1</use>
<logicalDatatype>LOGDT007</logicalDatatype>
<ownDataTypeParameters>,,</ownDataTypeParameters>
<autoIncrementCycle>false</autoIncrementCycle>
</Column>
<Column name="Fecha_termino" id="0A927110-6426-1D4F-F4B3-5DDBF6BF594F">
<createdBy>victo</createdBy>
<createdTime>2025-09-01 15:18:04 UTC</createdTime>
<generatorID>61D7B97C-F3EE-DEE1-5AA2-DB7C991A514C</generatorID>
<ownerDesignName>Residencia_sumativa</ownerDesignName>
<useDomainConstraints>false</useDomainConstraints>
<use>1</use>
<logicalDatatype>LOGDT007</logicalDatatype>
<ownDataTypeParameters>,,</ownDataTypeParameters>
<autoIncrementCycle>false</autoIncrementCycle>
</Column>
<Column name="Tipo_financiamiento" id="423B4B18-1F3B-F170-F58B-43670037DB70">
<createdBy>victo</createdBy>
<createdTime>2025-09-01 15:18:04 UTC</createdTime>
<commentInRDBMS><![CDATA[Privado, público, mixto]]></commentInRDBMS>
<generatorID>FE2BEB46-19B8-AD65-F3F3-1F66C6E161CB</generatorID>
<ownerDesignName>Residencia_sumativa</ownerDesignName>
<useDomainConstraints>false</useDomainConstraints>
<use>1</use>
<logicalDatatype>LOGDT024</logicalDatatype>
<dataTypeSize>20</dataTypeSize>
<ownDataTypeParameters>20,,</ownDataTypeParameters>
<autoIncrementCycle>false</autoIncrementCycle>
</Column>
</columns>
<indexes itemClass="oracle.dbtools.crest.model.design.relational.Index">
<ind_PK_UK id="BE1E2C65-94E3-0200-E3D0-FAD53FDD3F8B" name="CONTRATO_PK">
<createdBy>victo</createdBy>
<createdTime>2025-09-01 15:18:04 UTC</createdTime>
<generatorID>472A17E1-072A-7D76-9186-C92191D8633C</generatorID>
<ownerDesignName>Residencia_sumativa</ownerDesignName>
<pk>true</pk>
<indexState>Primary Constraint</indexState>
<isSurrogateKey>false</isSurrogateKey>
<indexColumnUsage>
<colUsage columnID="00DBCEFD-3526-D630-F31E-5A253B7515F2"/>
</indexColumnUsage>
</ind_PK_UK>
<ind_PK_UK id="05B01CB9-3303-B762-C1E9-0210DF1D398A" name="CONTRATO_APODERADO_FK">
<createdBy>victo</createdBy>
<createdTime>2025-09-01 15:18:04 UTC</createdTime>
<generatorID>9F9E94F9-0AE2-067D-B238-110F88E3A03D</generatorID>
<ownerDesignName>Residencia_sumativa</ownerDesignName>
<indexState>Foreign Key</indexState>
<isSurrogateKey>false</isSurrogateKey>
<indexColumnUsage>
<colUsage columnID="EBAD127A-E59C-A28C-7396-7EED7DE4BEF0"/>
</indexColumnUsage>
</ind_PK_UK>
</indexes>
</Table>
