<?xml version = '1.0' encoding = 'UTF-8'?>
<Table class="oracle.dbtools.crest.model.design.relational.Table" directorySegmentName="seg_0" id="5755E4CC-6A57-786D-1AE9-6219E0A4E677" name="HABITACION">
<createdBy>victo</createdBy>
<createdTime>2025-09-01 15:18:04 UTC</createdTime>
<generatorID>B4D07EA4-22A4-D467-C1DE-65FB2F83CC79</generatorID>
<ownerDesignName>Residencia_sumativa</ownerDesignName>
<allowColumnReorder>false</allowColumnReorder>
<existDependencyGenerateInDDl>true</existDependencyGenerateInDDl>
<parsed>true</parsed>
<columns itemClass="oracle.dbtools.crest.model.design.relational.Column">
<Column name="ID_habitacion" id="BB1A29DF-A47D-B52B-C063-5A3B8B16E05B">
<createdBy>victo</createdBy>
<createdTime>2025-09-01 15:18:04 UTC</createdTime>
<generatorID>DF2F6495-059F-FFEF-6D3B-0E20D515F475</generatorID>
<ownerDesignName>Residencia_sumativa</ownerDesignName>
<useDomainConstraints>false</useDomainConstraints>
<use>1</use>
<logicalDatatype>LOGDT024</logicalDatatype>
<dataTypeSize>30</dataTypeSize>
<ownDataTypeParameters>30,,</ownDataTypeParameters>
<autoIncrementCycle>false</autoIncrementCycle>
</Column>
<Column name="Numero" id="2DD5EF23-D173-D1E5-5F35-360947DA0E5F">
<createdBy>victo</createdBy>
<createdTime>2025-09-01 15:18:04 UTC</createdTime>
<generatorID>41910D63-81F2-546E-8230-74C9A6328D6F</generatorID>
<ownerDesignName>Residencia_sumativa</ownerDesignName>
<useDomainConstraints>false</useDomainConstraints>
<use>1</use>
<logicalDatatype>LOGDT024</logicalDatatype>
<dataTypeSize>10</dataTypeSize>
<ownDataTypeParameters>10,,</ownDataTypeParameters>
<autoIncrementCycle>false</autoIncrementCycle>
</Column>
<Column name="Tipo" id="4DE63B6A-021D-52E6-6B17-456B0CBD7442">
<createdBy>victo</createdBy>
<createdTime>2025-09-01 15:18:04 UTC</createdTime>
<commentInRDBMS><![CDATA[Individual, Compartida]]></commentInRDBMS>
<generatorID>924AE511-412B-24A7-EB92-7DC4D7A9F458</generatorID>
<ownerDesignName>Residencia_sumativa</ownerDesignName>
<useDomainConstraints>false</useDomainConstraints>
<use>1</use>
<logicalDatatype>LOGDT024</logicalDatatype>
<dataTypeSize>15</dataTypeSize>
<ownDataTypeParameters>15,,</ownDataTypeParameters>
<autoIncrementCycle>false</autoIncrementCycle>
</Column>
<Column name="Piso" id="192923E8-1438-13CD-46E4-BB4C32A876A7">
<createdBy>victo</createdBy>
<createdTime>2025-09-01 15:18:04 UTC</createdTime>
<generatorID>B679F5FA-F2D1-AD07-DE11-1EE8CE0BF3A1</generatorID>
<ownerDesignName>Residencia_sumativa</ownerDesignName>
<useDomainConstraints>false</useDomainConstraints>
<use>1</use>
<logicalDatatype>LOGDT019</logicalDatatype>
<ownDataTypeParameters>,,</ownDataTypeParameters>
<autoIncrementCycle>false</autoIncrementCycle>
</Column>
<Column name="Capacidad" id="41DCCBFD-6304-C9AC-254A-4406A7638187">
<createdBy>victo</createdBy>
<createdTime>2025-09-01 15:18:04 UTC</createdTime>
<commentInRDBMS><![CDATA[>0]]></commentInRDBMS>
<generatorID>7631C310-A609-F078-4C8B-33E2C01335A7</generatorID>
<ownerDesignName>Residencia_sumativa</ownerDesignName>
<useDomainConstraints>false</useDomainConstraints>
<use>1</use>
<logicalDatatype>LOGDT019</logicalDatatype>
<ownDataTypeParameters>,,</ownDataTypeParameters>
<autoIncrementCycle>false</autoIncrementCycle>
</Column>
<Column name="RESIDENTE_RUT" id="2BF4EE7A-7360-3922-E81B-DC5071D42AE6">
<createdBy>victo</createdBy>
<createdTime>2025-09-01 15:18:04 UTC</createdTime>
<generatorID>DF195018-B141-5F45-A921-55DA06CABB36</generatorID>
<ownerDesignName>Residencia_sumativa</ownerDesignName>
<useDomainConstraints>false</useDomainConstraints>
<use>1</use>
<logicalDatatype>LOGDT024</logicalDatatype>
<dataTypeSize>12</dataTypeSize>
<ownDataTypeParameters>,,</ownDataTypeParameters>
<previousColumn>false</previousColumn>
<autoIncrementCycle>false</autoIncrementCycle>
<associations>
<colAssociation fkAssociation="C02A9FA0-6D03-5EAA-D505-C74453ABEFA8" referredColumn="EE654F8E-4406-C788-02A4-B5302B36C2C8"/>
</associations>
</Column>
<Column name="RESIDENCIA_ID_residencia" id="DA28AB7C-56E9-7483-C452-B8BDE8F96495">
<createdBy>victo</createdBy>
<createdTime>2025-09-01 15:18:04 UTC</createdTime>
<generatorID>4065D4E6-A531-BA5B-7070-85A75BB40314</generatorID>
<ownerDesignName>Residencia_sumativa</ownerDesignName>
<useDomainConstraints>false</useDomainConstraints>
<use>1</use>
<logicalDatatype>LOGDT024</logicalDatatype>
<dataTypeSize>30</dataTypeSize>
<ownDataTypeParameters>,,</ownDataTypeParameters>
<previousColumn>false</previousColumn>
<autoIncrementCycle>false</autoIncrementCycle>
<associations>
<colAssociation fkAssociation="4DDD1326-0D93-5246-173C-BB8C76AFBCBC" referredColumn="9436F0E4-8BA7-C7A2-EABB-42935CF1D4DE"/>
</associations>
</Column>
<Column name="ID_residencia" id="BB1DAE1D-C233-8BE9-31CA-2BDB55B01A75">
<createdBy>victo</createdBy>
<createdTime>2025-09-01 15:28:29 UTC</createdTime>
<generatorID>D65008B5-9321-6C9D-5A96-8E99A7F2C668</generatorID>
<ownerDesignName>Residencia_sumativa</ownerDesignName>
<useDomainConstraints>false</useDomainConstraints>
<use>1</use>
<logicalDatatype>LOGDT024</logicalDatatype>
<ownDataTypeParameters>,,</ownDataTypeParameters>
<previousColumn>false</previousColumn>
<autoIncrementCycle>false</autoIncrementCycle>
</Column>
</columns>
<indexes itemClass="oracle.dbtools.crest.model.design.relational.Index">
<ind_PK_UK id="BC979570-EB37-7ECD-0CA8-F34283F6DACE" name="HABITACION_PK">
<createdBy>victo</createdBy>
<createdTime>2025-09-01 15:18:04 UTC</createdTime>
<generatorID>C6A6D60B-991F-1364-00D3-F0FE85EA8E65</generatorID>
<ownerDesignName>Residencia_sumativa</ownerDesignName>
<pk>true</pk>
<indexState>Primary Constraint</indexState>
<isSurrogateKey>false</isSurrogateKey>
<indexColumnUsage>
<colUsage columnID="BB1A29DF-A47D-B52B-C063-5A3B8B16E05B"/>
</indexColumnUsage>
</ind_PK_UK>
<ind_PK_UK id="779CB820-1E7A-06F8-8DA5-C7AC65E95903" name="HABITACION__IDX">
<createdBy>victo</createdBy>
<createdTime>2025-09-01 15:18:04 UTC</createdTime>
<ownerDesignName>Residencia_sumativa</ownerDesignName>
<indexState>Unique Plain Index</indexState>
<isSurrogateKey>false</isSurrogateKey>
<relationGeneratorID>F84387EB-40EF-DE3B-66B4-0BCBB8145477</relationGeneratorID>
<indexColumnUsage>
<colUsage columnID="2BF4EE7A-7360-3922-E81B-DC5071D42AE6"/>
</indexColumnUsage>
</ind_PK_UK>
<ind_PK_UK id="002993C5-8696-142F-FAF5-C0C958456290" name="HABITACION_RESIDENCIA_FK">
<createdBy>victo</createdBy>
<createdTime>2025-09-01 15:18:04 UTC</createdTime>
<generatorID>F5C8A204-A355-B3FF-3DCA-331C3D063B03</generatorID>
<ownerDesignName>Residencia_sumativa</ownerDesignName>
<indexState>Foreign Key</indexState>
<isSurrogateKey>false</isSurrogateKey>
<indexColumnUsage>
<colUsage columnID="DA28AB7C-56E9-7483-C452-B8BDE8F96495"/>
</indexColumnUsage>
</ind_PK_UK>
<ind_PK_UK id="481F79EC-7821-3F18-56C5-31B6249A71C2" name="HABITACION_RESIDENTE_FK">
<createdBy>victo</createdBy>
<createdTime>2025-09-01 15:18:04 UTC</createdTime>
<generatorID>F84387EB-40EF-DE3B-66B4-0BCBB8145477</generatorID>
<ownerDesignName>Residencia_sumativa</ownerDesignName>
<indexState>Foreign Key</indexState>
<isSurrogateKey>false</isSurrogateKey>
<indexColumnUsage>
<colUsage columnID="2BF4EE7A-7360-3922-E81B-DC5071D42AE6"/>
</indexColumnUsage>
</ind_PK_UK>
</indexes>
</Table>
