<?xml version = '1.0' encoding = 'UTF-8'?>
<Table class="oracle.dbtools.crest.model.design.relational.Table" directorySegmentName="seg_0" id="CD7EF82B-EC0E-F0D9-B93B-F6FAFBEA0B4C" name="PERSONAL">
<createdBy>victo</createdBy>
<createdTime>2025-09-01 15:18:04 UTC</createdTime>
<generatorID>5A9B57D8-8614-5008-C1E9-873573A769DD</generatorID>
<ownerDesignName>Residencia_sumativa</ownerDesignName>
<allowColumnReorder>false</allowColumnReorder>
<existDependencyGenerateInDDl>true</existDependencyGenerateInDDl>
<parsed>true</parsed>
<columns itemClass="oracle.dbtools.crest.model.design.relational.Column">
<Column name="RUT" id="CF79AF7B-8899-5CDF-BBB6-72460F2AA56F">
<createdBy>victo</createdBy>
<createdTime>2025-09-01 15:18:04 UTC</createdTime>
<generatorID>AD7A33D7-7D42-A088-758F-AE60E211F13E</generatorID>
<ownerDesignName>Residencia_sumativa</ownerDesignName>
<useDomainConstraints>false</useDomainConstraints>
<use>1</use>
<logicalDatatype>LOGDT024</logicalDatatype>
<dataTypeSize>12</dataTypeSize>
<ownDataTypeParameters>,,</ownDataTypeParameters>
<autoIncrementCycle>false</autoIncrementCycle>
<associations>
<colAssociation fkAssociation="C4B4D3B2-06F5-A401-36E4-656D4B0A0C8D" referredColumn="E3CB9BEF-3A6C-8436-186B-35D3E18089B9"/>
</associations>
</Column>
<Column name="Fecha_ingreso" id="BEC5E5DC-AAA7-F634-7DD7-B36B3B5E9321">
<createdBy>victo</createdBy>
<createdTime>2025-09-01 15:18:04 UTC</createdTime>
<generatorID>D38EB7D0-013A-94B5-6C0B-D19F73C9ECAC</generatorID>
<ownerDesignName>Residencia_sumativa</ownerDesignName>
<useDomainConstraints>false</useDomainConstraints>
<use>1</use>
<logicalDatatype>LOGDT007</logicalDatatype>
<ownDataTypeParameters>,,</ownDataTypeParameters>
<autoIncrementCycle>false</autoIncrementCycle>
</Column>
<Column name="Estado" id="FE7D4BB7-AFEF-6942-D8F7-4FA997503171">
<createdBy>victo</createdBy>
<createdTime>2025-09-01 15:18:04 UTC</createdTime>
<commentInRDBMS><![CDATA[Activo, inacivo]]></commentInRDBMS>
<generatorID>63AAD793-F44D-3252-C3B8-79686F0B50C4</generatorID>
<ownerDesignName>Residencia_sumativa</ownerDesignName>
<useDomainConstraints>false</useDomainConstraints>
<use>1</use>
<logicalDatatype>LOGDT024</logicalDatatype>
<dataTypeSize>20</dataTypeSize>
<ownDataTypeParameters>20,,</ownDataTypeParameters>
<autoIncrementCycle>false</autoIncrementCycle>
</Column>
<Column name="RESIDENCIA_ID_residencia" id="022D1B1B-2AD2-96C2-2495-81E3702409F6">
<createdBy>victo</createdBy>
<createdTime>2025-09-01 15:28:29 UTC</createdTime>
<generatorID>9B81EFF4-654D-36C4-D470-0183B40D320D</generatorID>
<ownerDesignName>Residencia_sumativa</ownerDesignName>
<useDomainConstraints>false</useDomainConstraints>
<use>1</use>
<logicalDatatype>LOGDT024</logicalDatatype>
<dataTypeSize>30</dataTypeSize>
<ownDataTypeParameters>,,</ownDataTypeParameters>
<previousColumn>false</previousColumn>
<autoIncrementCycle>false</autoIncrementCycle>
<associations>
<colAssociation fkAssociation="91043F87-1DA5-0E65-CDD0-C762D7567DD0" referredColumn="9436F0E4-8BA7-C7A2-EABB-42935CF1D4DE"/>
</associations>
</Column>
</columns>
<indexes itemClass="oracle.dbtools.crest.model.design.relational.Index">
<ind_PK_UK id="842BCD32-2671-3098-B6C6-238473CD5CAC" name="PERSONAL_PERSONA_FK">
<createdBy>victo</createdBy>
<createdTime>2025-09-01 15:18:04 UTC</createdTime>
<generatorID>D94D966D-1E5A-769C-4DF8-E6EF1462D883</generatorID>
<ownerDesignName>Residencia_sumativa</ownerDesignName>
<indexState>Foreign Key</indexState>
<isSurrogateKey>false</isSurrogateKey>
<indexColumnUsage>
<colUsage columnID="CF79AF7B-8899-5CDF-BBB6-72460F2AA56F"/>
</indexColumnUsage>
</ind_PK_UK>
<ind_PK_UK id="954820C0-3332-CDAD-5A83-23AC164E730A" name="PERSONAL_RESIDENCIA_FK">
<createdBy>victo</createdBy>
<createdTime>2025-09-01 15:28:29 UTC</createdTime>
<generatorID>575265F4-5315-5F13-9363-86F1397E1121</generatorID>
<ownerDesignName>Residencia_sumativa</ownerDesignName>
<indexState>Foreign Key</indexState>
<isSurrogateKey>false</isSurrogateKey>
<indexColumnUsage>
<colUsage columnID="022D1B1B-2AD2-96C2-2495-81E3702409F6"/>
</indexColumnUsage>
</ind_PK_UK>
</indexes>
</Table>
