<?xml version = '1.0' encoding = 'UTF-8'?>
<FKArc class="oracle.dbtools.crest.model.design.relational.FKArc" directorySegmentName="seg_0" id="2B170A00-7DDB-E28C-19F2-4F5D4BE453EB" name="FKArc_3">
<createdBy>victo</createdBy>
<createdTime>2025-09-01 15:18:04 UTC</createdTime>
<ownerDesignName>Residencia_sumativa</ownerDesignName>
<mandatory>false</mandatory>
<reverseArc>true</reverseArc>
<table>B2C1487B-2D72-73BF-496F-35558DB5E632</table>
<fkeys>
<fkeyID>3CA50AEE-BFD2-E381-1B92-63D8F725B981</fkeyID>
<fkeyID>C4B4D3B2-06F5-A401-36E4-656D4B0A0C8D</fkeyID>
<fkeyID>0ECCF559-5E18-0724-ACD2-878E00F0B3D3</fkeyID>
</fkeys>
</FKArc>
