<?xml version = '1.0' encoding = 'UTF-8'?>
<FKArc class="oracle.dbtools.crest.model.design.relational.FKArc" directorySegmentName="seg_0" id="D67B3371-1520-1595-9B2E-00B4816044AF" name="FKArc_1">
<createdBy>victo</createdBy>
<createdTime>2025-09-01 15:18:04 UTC</createdTime>
<ownerDesignName>Residencia_sumativa</ownerDesignName>
<mandatory>false</mandatory>
<reverseArc>true</reverseArc>
<table>078968DC-D6B7-60B0-1B44-3E0222708F5B</table>
<fkeys>
<fkeyID>C5133A38-CB04-3073-23D2-2992DA5A3BE8</fkeyID>
<fkeyID>13ECAABA-ED63-8604-6557-D1BBD755150E</fkeyID>
</fkeys>
</FKArc>
