<?xml version = '1.0' encoding = 'UTF-8'?>
<Diagram class="oracle.dbtools.crest.swingui.logical.DPVLogical" name="Logical" id="0D508B07-23ED-7555-54E7-BFE8DB6EAD36">
<createdBy>victo</createdBy>
<modifiedBy>victo</modifiedBy>
<createdTime>2025-08-28 03:18:14 UTC</createdTime>
<autoRoute>false</autoRoute>
<boxInbox>true</boxInbox>
<showLegend>false</showLegend>
<showLabels>false</showLabels>
<showRelAttributes>false</showRelAttributes>
<gridEnabled>false</gridEnabled>
<showGrid>false</showGrid>
<diagramColor>-1</diagramColor>
<display>false</display>
<notation>1</notation>
<objectViews>
<OView class="oracle.dbtools.crest.swingui.logical.TVEntity" oid="1CEC78EB-D39D-2799-0752-BF49F8F0A17E" otype="Entity" vid="78C530F1-E5B1-E3BF-31C4-379B4945C093">
<hideElementsInCurrentOnly>false</hideElementsInCurrentOnly>
<bounds x="86" y="270" width="289" height="132"/>
</OView>
<OView class="oracle.dbtools.crest.swingui.logical.TVEntity" oid="1DA7DE8F-11AB-26CF-BFB3-14A378C68611" otype="Entity" vid="31969726-B1B2-ECB1-78AF-5BE58B568BE3">
<hideElementsInCurrentOnly>false</hideElementsInCurrentOnly>
<bounds x="403" y="296" width="106" height="83"/>
</OView>
<OView class="oracle.dbtools.crest.swingui.logical.TVEntity" oid="2455CCE2-D6AF-E400-340E-E062F6668802" otype="Entity" vid="DC93DBBD-FAC8-1763-FB2F-6A04AEFC627F">
<hideElementsInCurrentOnly>false</hideElementsInCurrentOnly>
<bounds x="722" y="310" width="120" height="71"/>
</OView>
<OView class="oracle.dbtools.crest.swingui.logical.TVEntity" oid="44373BC6-0A26-800F-F3C6-959616F3D4B2" otype="Entity" vid="C361867B-6D6B-DD69-7449-5885C2CC16A5">
<hideElementsInCurrentOnly>false</hideElementsInCurrentOnly>
<bounds x="695" y="72" width="129" height="90"/>
</OView>
<OView class="oracle.dbtools.crest.swingui.logical.TVEntity" oid="5A9B57D8-8614-5008-C1E9-873573A769DD" otype="Entity" vid="ED979817-A02D-55CF-AF76-229ABC9EB3F5">
<hideElementsInCurrentOnly>false</hideElementsInCurrentOnly>
<bounds x="391" y="245" width="296" height="148"/>
</OView>
<OView class="oracle.dbtools.crest.swingui.logical.TVEntity" oid="83B252FA-1379-5F36-64AB-C0A05CF0A8E4" otype="Entity" vid="52589AF1-F190-7BC9-76A4-39C1EC274DAE">
<hideElementsInCurrentOnly>false</hideElementsInCurrentOnly>
<bounds x="22" y="196" width="830" height="225"/>
</OView>
<OView class="oracle.dbtools.crest.swingui.logical.TVEntity" oid="966C8957-6BAB-3E71-CF49-3823D6EB3A54" otype="Entity" vid="1756C858-6E98-BB55-38D1-773CD6C41BD8">
<hideElementsInCurrentOnly>false</hideElementsInCurrentOnly>
<bounds x="555" y="280" width="113" height="94"/>
</OView>
<OView class="oracle.dbtools.crest.swingui.logical.TVEntity" oid="A10BF326-CEC0-DC61-AC9A-1472FA21B3F8" otype="Entity" vid="83152433-45BB-F499-C835-8CE80BFF614A">
<hideElementsInCurrentOnly>false</hideElementsInCurrentOnly>
<bounds x="485" y="75" width="118" height="78"/>
</OView>
<OView class="oracle.dbtools.crest.swingui.logical.TVEntity" oid="B4D07EA4-22A4-D467-C1DE-65FB2F83CC79" otype="Entity" vid="6F2362EE-E141-B8BC-2A5D-392F94BACAD8">
<hideElementsInCurrentOnly>false</hideElementsInCurrentOnly>
<bounds x="185" y="29" width="125" height="111"/>
</OView>
<OView class="oracle.dbtools.crest.swingui.logical.TVEntity" oid="B7FC0A2D-A717-97FA-FD78-AF57F78C4D6C" otype="Entity" vid="36091FD1-17BB-5F98-1DFB-D1CC8F3B9640">
<hideElementsInCurrentOnly>false</hideElementsInCurrentOnly>
<bounds x="226" y="331" width="110" height="61"/>
</OView>
<OView class="oracle.dbtools.crest.swingui.logical.TVEntity" oid="CF64156E-C735-AAF1-AE62-9F2DD9151DE3" otype="Entity" vid="372856C8-C4A5-7053-6CBF-2E34DB3DDC99">
<hideElementsInCurrentOnly>false</hideElementsInCurrentOnly>
<bounds x="101" y="342" width="104" height="50"/>
</OView>
<OView class="oracle.dbtools.crest.swingui.logical.TVEntity" oid="D0E56CA7-5558-21AB-5EE6-CB4E4B3D6682" otype="Entity" vid="F57DA67D-852A-9CEF-26DE-4E7D4F2796FF">
<hideElementsInCurrentOnly>false</hideElementsInCurrentOnly>
<bounds x="26" y="24" width="88" height="110"/>
</OView>
</objectViews>
<connectors>
<Connector class="oracle.dbtools.crest.swingui.logical.TVInheritanceRelation" oid="1F37BFB1-8931-45E7-318D-424479BD8EE0" otype="Hierarchy relation" vid_source="52589AF1-F190-7BC9-76A4-39C1EC274DAE" vid_target="DC93DBBD-FAC8-1763-FB2F-6A04AEFC627F">
<hideElementsInCurrentOnly>false</hideElementsInCurrentOnly>
<backgroundColor>-65536</backgroundColor>
<lineWidth>1</lineWidth>
</Connector>
<Connector class="oracle.dbtools.crest.swingui.logical.TVInheritanceRelation" oid="412799A1-2110-DAC7-C4BE-EA172B1B4937" otype="Hierarchy relation" vid_source="52589AF1-F190-7BC9-76A4-39C1EC274DAE" vid_target="78C530F1-E5B1-E3BF-31C4-379B4945C093">
<hideElementsInCurrentOnly>false</hideElementsInCurrentOnly>
<backgroundColor>-65536</backgroundColor>
<lineWidth>1</lineWidth>
</Connector>
<Connector class="oracle.dbtools.crest.swingui.logical.TVRelation" oid="4E55B4CC-DDB7-667A-CE9F-2AD7EEC86176" otype="Relation" vid_source="78C530F1-E5B1-E3BF-31C4-379B4945C093" vid_target="83152433-45BB-F499-C835-8CE80BFF614A">
<hideElementsInCurrentOnly>false</hideElementsInCurrentOnly>
<backgroundColor>-16777216</backgroundColor>
<lineWidth>1</lineWidth>
<points>
<point x="325" y="270"/>
<point x="325" y="141"/>
<point x="485" y="141"/>
</points>
</Connector>
<Connector class="oracle.dbtools.crest.swingui.logical.TVRelation" oid="575265F4-5315-5F13-9363-86F1397E1121" otype="Relation" vid_source="ED979817-A02D-55CF-AF76-229ABC9EB3F5" vid_target="F57DA67D-852A-9CEF-26DE-4E7D4F2796FF">
<hideElementsInCurrentOnly>false</hideElementsInCurrentOnly>
<backgroundColor>-16777216</backgroundColor>
<lineWidth>1</lineWidth>
<points>
<point x="408" y="393"/>
<point x="408" y="436"/>
<point x="7" y="436"/>
<point x="9" y="113"/>
<point x="26" y="113"/>
</points>
</Connector>
<Connector class="oracle.dbtools.crest.swingui.logical.TVInheritanceRelation" oid="73E9BBE1-D06B-7F19-28C5-A32D498DCDBE" otype="Hierarchy relation" vid_source="ED979817-A02D-55CF-AF76-229ABC9EB3F5" vid_target="1756C858-6E98-BB55-38D1-773CD6C41BD8">
<hideElementsInCurrentOnly>false</hideElementsInCurrentOnly>
<backgroundColor>-65536</backgroundColor>
<lineWidth>1</lineWidth>
</Connector>
<Connector class="oracle.dbtools.crest.swingui.logical.TVInheritanceRelation" oid="86A9DF6A-3983-A893-659C-67EA2C84305C" otype="Hierarchy relation" vid_source="ED979817-A02D-55CF-AF76-229ABC9EB3F5" vid_target="31969726-B1B2-ECB1-78AF-5BE58B568BE3">
<hideElementsInCurrentOnly>false</hideElementsInCurrentOnly>
<backgroundColor>-65536</backgroundColor>
<lineWidth>1</lineWidth>
</Connector>
<Connector class="oracle.dbtools.crest.swingui.logical.TVInheritanceRelation" oid="93A6B855-2EFA-1079-4EFC-8EEE32D1CA0E" otype="Hierarchy relation" vid_source="78C530F1-E5B1-E3BF-31C4-379B4945C093" vid_target="36091FD1-17BB-5F98-1DFB-D1CC8F3B9640">
<hideElementsInCurrentOnly>false</hideElementsInCurrentOnly>
<backgroundColor>-65536</backgroundColor>
<lineWidth>1</lineWidth>
</Connector>
<Connector class="oracle.dbtools.crest.swingui.logical.TVRelation" oid="9F9E94F9-0AE2-067D-B238-110F88E3A03D" otype="Relation" vid_source="DC93DBBD-FAC8-1763-FB2F-6A04AEFC627F" vid_target="C361867B-6D6B-DD69-7449-5885C2CC16A5">
<hideElementsInCurrentOnly>false</hideElementsInCurrentOnly>
<backgroundColor>-16777216</backgroundColor>
<lineWidth>1</lineWidth>
<points>
<point x="808" y="310"/>
<point x="808" y="162"/>
</points>
</Connector>
<Connector class="oracle.dbtools.crest.swingui.logical.TVInheritanceRelation" oid="D94D966D-1E5A-769C-4DF8-E6EF1462D883" otype="Hierarchy relation" vid_source="52589AF1-F190-7BC9-76A4-39C1EC274DAE" vid_target="ED979817-A02D-55CF-AF76-229ABC9EB3F5">
<hideElementsInCurrentOnly>false</hideElementsInCurrentOnly>
<backgroundColor>-65536</backgroundColor>
<lineWidth>1</lineWidth>
</Connector>
<Connector class="oracle.dbtools.crest.swingui.logical.TVInheritanceRelation" oid="DBD9CA7A-953B-22A6-EB99-18EDD12E4F3D" otype="Hierarchy relation" vid_source="78C530F1-E5B1-E3BF-31C4-379B4945C093" vid_target="372856C8-C4A5-7053-6CBF-2E34DB3DDC99">
<hideElementsInCurrentOnly>false</hideElementsInCurrentOnly>
<backgroundColor>-65536</backgroundColor>
<lineWidth>1</lineWidth>
</Connector>
<Connector class="oracle.dbtools.crest.swingui.logical.TVRelation" oid="EE8D5423-610A-F4EE-21D4-79324E2ECFC8" otype="Relation" vid_source="31969726-B1B2-ECB1-78AF-5BE58B568BE3" vid_target="31969726-B1B2-ECB1-78AF-5BE58B568BE3">
<hideElementsInCurrentOnly>false</hideElementsInCurrentOnly>
<backgroundColor>-16777216</backgroundColor>
<lineWidth>1</lineWidth>
<points>
<point x="509" y="340"/>
<point x="545" y="340"/>
<point x="545" y="436"/>
<point x="470" y="436"/>
<point x="470" y="379"/>
</points>
</Connector>
<Connector class="oracle.dbtools.crest.swingui.logical.TVRelation" oid="F5C8A204-A355-B3FF-3DCA-331C3D063B03" otype="Relation" vid_source="F57DA67D-852A-9CEF-26DE-4E7D4F2796FF" vid_target="6F2362EE-E141-B8BC-2A5D-392F94BACAD8">
<hideElementsInCurrentOnly>false</hideElementsInCurrentOnly>
<backgroundColor>-16777216</backgroundColor>
<lineWidth>1</lineWidth>
<points>
<point x="114" y="81"/>
<point x="185" y="81"/>
</points>
</Connector>
<Connector class="oracle.dbtools.crest.swingui.logical.TVRelation" oid="F84387EB-40EF-DE3B-66B4-0BCBB8145477" otype="Relation" vid_source="78C530F1-E5B1-E3BF-31C4-379B4945C093" vid_target="6F2362EE-E141-B8BC-2A5D-392F94BACAD8">
<hideElementsInCurrentOnly>false</hideElementsInCurrentOnly>
<backgroundColor>-16777216</backgroundColor>
<lineWidth>1</lineWidth>
<points>
<point x="247" y="270"/>
<point x="247" y="140"/>
</points>
</Connector>
<Connector class="oracle.dbtools.crest.swingui.logical.TVRelation" oid="F88F681C-42C9-02CD-A605-AD47BFF6261C" otype="Relation" vid_source="C361867B-6D6B-DD69-7449-5885C2CC16A5" vid_target="83152433-45BB-F499-C835-8CE80BFF614A">
<hideElementsInCurrentOnly>false</hideElementsInCurrentOnly>
<backgroundColor>-16777216</backgroundColor>
<lineWidth>1</lineWidth>
<points>
<point x="695" y="114"/>
<point x="603" y="114"/>
</points>
</Connector>
</connectors>
</Diagram>
