<?xml version = '1.0' encoding = 'UTF-8'?>
<RMDeletedMap class="oracle.dbtools.crest.model.xtdmapping.RMDeletedMap">
<mappings itemClass="oracle.dbtools.crest.model.xtdmapping.XtdMapping">
<delm id="2C3BC15E-62F06D63300667714813-ECBD266B5A6F" delID="67714813-A794-3534-EE05-ECBD266B5A6F" inhType="3" oCont="83B252FA-1379-5F36-64AB-C0A05CF0A8E4" oDP="CD72DF31-3975-99FA-E332-99833A200BF2" oID="2C3BC15E-F3D9-B4A7-D4C2-62F06D633006" oType="2" tCont="CD7EF82B-EC0E-F0D9-B93B-F6FAFBEA0B4C" tDP="E562A3C3-8456-253F-CE9B-D29E5EE0CCE0" tID="67714813-A794-3534-EE05-ECBD266B5A6F" tType="6">
</delm>
<delm id="73E9BBE1-A32D498DCDBEC15476B8-15740076FAA1" delID="C15476B8-B020-C99E-EB28-15740076FAA1" inhType="4" oDP="CD72DF31-3975-99FA-E332-99833A200BF2" oID="73E9BBE1-D06B-7F19-28C5-A32D498DCDBE" oType="9" tDP="E562A3C3-8456-253F-CE9B-D29E5EE0CCE0" tID="C15476B8-B020-C99E-EB28-15740076FAA1" tType="8">
</delm>
<delm id="86A9DF6A-67EA2C84305C7CA66112-2ED7DCF18170" delID="7CA66112-3022-B710-65FA-2ED7DCF18170" inhType="4" oDP="CD72DF31-3975-99FA-E332-99833A200BF2" oID="86A9DF6A-3983-A893-659C-67EA2C84305C" oType="9" tDP="E562A3C3-8456-253F-CE9B-D29E5EE0CCE0" tID="7CA66112-3022-B710-65FA-2ED7DCF18170" tType="8">
</delm>
</mappings>
</RMDeletedMap>
