<?xml version = '1.0' encoding = 'UTF-8'?>
<Diagram class="oracle.dbtools.crest.swingui.relational.DPVRelational" name="Relational_1" id="93A457F2-8149-C179-F05E-21CD7DE49839">
<createdBy>victo</createdBy>
<modifiedBy>victo</modifiedBy>
<createdTime>2025-09-01 15:17:42 UTC</createdTime>
<autoRoute>false</autoRoute>
<boxInbox>true</boxInbox>
<showLegend>false</showLegend>
<showLabels>false</showLabels>
<showRelAttributes>false</showRelAttributes>
<gridEnabled>false</gridEnabled>
<showGrid>false</showGrid>
<diagramColor>-1</diagramColor>
<display>false</display>
<notation>1</notation>
<objectViews>
<OView class="oracle.dbtools.crest.swingui.relational.TVTable" oid="078968DC-D6B7-60B0-1B44-3E0222708F5B" otype="Table" vid="9FFE9C3A-B643-775A-D0FF-A37A7B712C6E">
<hideElementsInCurrentOnly>false</hideElementsInCurrentOnly>
<bounds x="640" y="282" width="335" height="213"/>
</OView>
<OView class="oracle.dbtools.crest.swingui.relational.TVTable" oid="09C7232D-E6F8-FCEF-CA1E-869BA3155839" otype="Table" vid="17E63FAF-358D-2516-F778-72312F8254C3">
<hideElementsInCurrentOnly>false</hideElementsInCurrentOnly>
<bounds x="26" y="10" width="226" height="133"/>
</OView>
<OView class="oracle.dbtools.crest.swingui.relational.TVTable" oid="14380128-84E3-9BE1-E020-0BFD8140D258" otype="Table" vid="2D6652AE-6B74-AFD9-6218-C77B61F6A845">
<hideElementsInCurrentOnly>false</hideElementsInCurrentOnly>
<bounds x="192" y="415" width="225" height="110"/>
</OView>
<OView class="oracle.dbtools.crest.swingui.relational.TVTable" oid="15A3D755-C2C5-F9A6-D5B4-34D0145C1D99" otype="Table" vid="DC507BA4-9874-300B-CEB6-BE4645A68E1D">
<hideElementsInCurrentOnly>false</hideElementsInCurrentOnly>
<bounds x="832" y="20" width="351" height="191"/>
</OView>
<OView class="oracle.dbtools.crest.swingui.relational.TVTable" oid="24873CC4-6AEA-5D3B-B452-C2E876BC57E8" otype="Table" vid="5569ADD7-3F28-3650-A76C-2CF908C73677">
<hideElementsInCurrentOnly>false</hideElementsInCurrentOnly>
<bounds x="169" y="238" width="252" height="105"/>
</OView>
<OView class="oracle.dbtools.crest.swingui.relational.TVTable" oid="386879EF-54A6-1A49-0B21-D44653C7FD22" otype="Table" vid="A6340E05-25DD-7664-776F-21FE4F16C9B3">
<hideElementsInCurrentOnly>false</hideElementsInCurrentOnly>
<bounds x="664" y="586" width="238" height="111"/>
</OView>
<OView class="oracle.dbtools.crest.swingui.relational.TVTable" oid="5302A1FE-108A-5DCA-DC80-6AE9DE0CD137" otype="Table" vid="DDEE3FD5-263A-BDC1-FE4F-3D9015B463B1">
<hideElementsInCurrentOnly>false</hideElementsInCurrentOnly>
<bounds x="1270" y="55" width="324" height="152"/>
</OView>
<OView class="oracle.dbtools.crest.swingui.relational.TVTable" oid="5755E4CC-6A57-786D-1AE9-6219E0A4E677" otype="Table" vid="F87FE752-9BD3-2F9C-DE11-C8EF1DAA485E">
<hideElementsInCurrentOnly>false</hideElementsInCurrentOnly>
<bounds x="408" y="6" width="327" height="220"/>
</OView>
<OView class="oracle.dbtools.crest.swingui.relational.TVTable" oid="672A3C14-BB98-1FB6-F86E-DC9BA64650F6" otype="Table" vid="2C40B949-4E25-4030-CF91-5979DD61B4FD">
<hideElementsInCurrentOnly>false</hideElementsInCurrentOnly>
<bounds x="596" y="718" width="227" height="138"/>
</OView>
<OView class="oracle.dbtools.crest.swingui.relational.TVTable" oid="B2C1487B-2D72-73BF-496F-35558DB5E632" otype="Table" vid="35983AA3-2397-07AC-6C03-7DCB68AC4652">
<hideElementsInCurrentOnly>false</hideElementsInCurrentOnly>
<bounds x="1189" y="472" width="294" height="129"/>
</OView>
<OView class="oracle.dbtools.crest.swingui.relational.TVTable" oid="CD7EF82B-EC0E-F0D9-B93B-F6FAFBEA0B4C" otype="Table" vid="A01D2B68-644F-66CB-DF65-244A98102189">
<hideElementsInCurrentOnly>false</hideElementsInCurrentOnly>
<bounds x="15" y="682" width="332" height="181"/>
</OView>
<OView class="oracle.dbtools.crest.swingui.relational.TVTable" oid="F2733A3A-C76D-87B3-E46E-9DFB1D887E01" otype="Table" vid="4CA7B2DD-062F-8A3D-D01D-F968A42AF069">
<hideElementsInCurrentOnly>false</hideElementsInCurrentOnly>
<bounds x="1198" y="293" width="270" height="110"/>
</OView>
</objectViews>
<connectors>
<Connector class="oracle.dbtools.crest.swingui.relational.TVFKRelation" oid="0ECCF559-5E18-0724-ACD2-878E00F0B3D3" otype="FKIndexAssociation" vid_source="35983AA3-2397-07AC-6C03-7DCB68AC4652" vid_target="4CA7B2DD-062F-8A3D-D01D-F968A42AF069">
<hideElementsInCurrentOnly>false</hideElementsInCurrentOnly>
<backgroundColor>-16777216</backgroundColor>
<lineWidth>1</lineWidth>
<points>
<point x="1333" y="472"/>
<point x="1333" y="403"/>
</points>
</Connector>
<Connector class="oracle.dbtools.crest.swingui.relational.TVFKRelation" oid="13ECAABA-ED63-8604-6557-D1BBD755150E" otype="FKIndexAssociation" vid_source="9FFE9C3A-B643-775A-D0FF-A37A7B712C6E" vid_target="5569ADD7-3F28-3650-A76C-2CF908C73677">
<hideElementsInCurrentOnly>false</hideElementsInCurrentOnly>
<backgroundColor>-16777216</backgroundColor>
<lineWidth>1</lineWidth>
<points>
<point x="640" y="312"/>
<point x="421" y="312"/>
</points>
</Connector>
<Connector class="oracle.dbtools.crest.swingui.relational.TVFKRelation" oid="2CDF1D2E-93A7-B07A-38F7-94D377B14EF1" otype="FKIndexAssociation" vid_source="DDEE3FD5-263A-BDC1-FE4F-3D9015B463B1" vid_target="DC507BA4-9874-300B-CEB6-BE4645A68E1D">
<hideElementsInCurrentOnly>false</hideElementsInCurrentOnly>
<backgroundColor>-16777216</backgroundColor>
<lineWidth>1</lineWidth>
<points>
<point x="1270" y="131"/>
<point x="1183" y="131"/>
</points>
</Connector>
<Connector class="oracle.dbtools.crest.swingui.relational.TVFKRelation" oid="3CA50AEE-BFD2-E381-1B92-63D8F725B981" otype="FKIndexAssociation" vid_source="35983AA3-2397-07AC-6C03-7DCB68AC4652" vid_target="9FFE9C3A-B643-775A-D0FF-A37A7B712C6E">
<hideElementsInCurrentOnly>false</hideElementsInCurrentOnly>
<backgroundColor>-16777216</backgroundColor>
<lineWidth>1</lineWidth>
<points>
<point x="1189" y="483"/>
<point x="975" y="483"/>
</points>
</Connector>
<Connector class="oracle.dbtools.crest.swingui.relational.TVFKRelation" oid="4250897E-BA24-F087-F001-CAE402987E5B" otype="FKIndexAssociation" vid_source="2C40B949-4E25-4030-CF91-5979DD61B4FD" vid_target="2C40B949-4E25-4030-CF91-5979DD61B4FD">
<hideElementsInCurrentOnly>false</hideElementsInCurrentOnly>
<backgroundColor>-16777216</backgroundColor>
<lineWidth>1</lineWidth>
<points>
<point x="738" y="718"/>
<point x="738" y="762"/>
<point x="738" y="858"/>
<point x="663" y="858"/>
<point x="663" y="856"/>
</points>
</Connector>
<Connector class="oracle.dbtools.crest.swingui.relational.TVFKRelation" oid="4DDD1326-0D93-5246-173C-BB8C76AFBCBC" otype="FKIndexAssociation" vid_source="17E63FAF-358D-2516-F778-72312F8254C3" vid_target="F87FE752-9BD3-2F9C-DE11-C8EF1DAA485E">
<hideElementsInCurrentOnly>false</hideElementsInCurrentOnly>
<backgroundColor>-16777216</backgroundColor>
<lineWidth>1</lineWidth>
<points>
<point x="252" y="76"/>
<point x="408" y="76"/>
</points>
</Connector>
<Connector class="oracle.dbtools.crest.swingui.relational.TVFKRelation" oid="8D129AB8-CDB0-E5DC-9D44-59BC9A387F43" otype="FKIndexAssociation" vid_source="4CA7B2DD-062F-8A3D-D01D-F968A42AF069" vid_target="DDEE3FD5-263A-BDC1-FE4F-3D9015B463B1">
<hideElementsInCurrentOnly>false</hideElementsInCurrentOnly>
<backgroundColor>-16777216</backgroundColor>
<lineWidth>1</lineWidth>
<points>
<point x="1369" y="293"/>
<point x="1369" y="207"/>
</points>
</Connector>
<Connector class="oracle.dbtools.crest.swingui.relational.TVFKRelation" oid="91043F87-1DA5-0E65-CDD0-C762D7567DD0" otype="FKIndexAssociation" vid_source="17E63FAF-358D-2516-F778-72312F8254C3" vid_target="A01D2B68-644F-66CB-DF65-244A98102189">
<hideElementsInCurrentOnly>false</hideElementsInCurrentOnly>
<backgroundColor>-16777216</backgroundColor>
<lineWidth>1</lineWidth>
<points>
<point x="154" y="143"/>
<point x="154" y="682"/>
</points>
</Connector>
<Connector class="oracle.dbtools.crest.swingui.relational.TVFKRelation" oid="C02A9FA0-6D03-5EAA-D505-C74453ABEFA8" otype="FKIndexAssociation" vid_source="9FFE9C3A-B643-775A-D0FF-A37A7B712C6E" vid_target="F87FE752-9BD3-2F9C-DE11-C8EF1DAA485E">
<hideElementsInCurrentOnly>false</hideElementsInCurrentOnly>
<backgroundColor>-16777216</backgroundColor>
<lineWidth>1</lineWidth>
<points>
<point x="375" y="282"/>
<point x="687" y="226"/>
</points>
</Connector>
<Connector class="oracle.dbtools.crest.swingui.relational.TVFKRelation" oid="C4B4D3B2-06F5-A401-36E4-656D4B0A0C8D" otype="FKIndexAssociation" vid_source="35983AA3-2397-07AC-6C03-7DCB68AC4652" vid_target="A01D2B68-644F-66CB-DF65-244A98102189">
<hideElementsInCurrentOnly>false</hideElementsInCurrentOnly>
<backgroundColor>-16777216</backgroundColor>
<lineWidth>1</lineWidth>
<points>
<point x="1189" y="558"/>
<point x="316" y="558"/>
<point x="316" y="682"/>
</points>
</Connector>
<Connector class="oracle.dbtools.crest.swingui.relational.TVFKRelation" oid="C5133A38-CB04-3073-23D2-2992DA5A3BE8" otype="FKIndexAssociation" vid_source="9FFE9C3A-B643-775A-D0FF-A37A7B712C6E" vid_target="2D6652AE-6B74-AFD9-6218-C77B61F6A845">
<hideElementsInCurrentOnly>false</hideElementsInCurrentOnly>
<backgroundColor>-16777216</backgroundColor>
<lineWidth>1</lineWidth>
<points>
<point x="640" y="455"/>
<point x="417" y="455"/>
</points>
</Connector>
<Connector class="oracle.dbtools.crest.swingui.relational.TVFKRelation" oid="C520A2D5-93EA-FAC4-7E6D-0419B9D4A24E" otype="FKIndexAssociation" vid_source="F87FE752-9BD3-2F9C-DE11-C8EF1DAA485E" vid_target="9FFE9C3A-B643-775A-D0FF-A37A7B712C6E">
<hideElementsInCurrentOnly>false</hideElementsInCurrentOnly>
<backgroundColor>-16777216</backgroundColor>
<lineWidth>1</lineWidth>
<points>
<point x="672" y="226"/>
<point x="375" y="282"/>
</points>
</Connector>
<Connector class="oracle.dbtools.crest.swingui.relational.TVFKRelation" oid="F8A9382B-676F-A632-FD41-ECD026C40808" otype="FKIndexAssociation" vid_source="9FFE9C3A-B643-775A-D0FF-A37A7B712C6E" vid_target="DC507BA4-9874-300B-CEB6-BE4645A68E1D">
<hideElementsInCurrentOnly>false</hideElementsInCurrentOnly>
<backgroundColor>-16777216</backgroundColor>
<lineWidth>1</lineWidth>
<points>
<point x="375" y="282"/>
<point x="904" y="211"/>
</points>
</Connector>
</connectors>
<arcs>
<Arc class="oracle.dbtools.crest.swingui.relational.TVFKArc" oid="2B170A00-7DDB-E28C-19F2-4F5D4BE453EB" otype="FKArc" vid="02ABD996-EDC7-8239-488A-EFB3CC6773FC">
<hideElementsInCurrentOnly>false</hideElementsInCurrentOnly>
<bounds x="1169" y="452" width="334" height="169"/>
</Arc>
<Arc class="oracle.dbtools.crest.swingui.relational.TVFKArc" oid="D67B3371-1520-1595-9B2E-00B4816044AF" otype="FKArc" vid="A58D5B3D-E940-B639-C77A-04A261ADFAFF">
<hideElementsInCurrentOnly>false</hideElementsInCurrentOnly>
<bounds x="620" y="262" width="375" height="253"/>
</Arc>
</arcs>
</Diagram>
