<?xml version = '1.0' encoding = 'UTF-8'?>
<Entity class="oracle.dbtools.crest.model.design.logical.Entity" directorySegmentName="seg_0" id="1CEC78EB-D39D-2799-0752-BF49F8F0A17E" name="RESIDENTE">
<createdBy>victo</createdBy>
<createdTime>2025-08-28 03:19:14 UTC</createdTime>
<ownerDesignName>Residencia_sumativa</ownerDesignName>
<engineerTo>
<item key="E562A3C3-8456-253F-CE9B-D29E5EE0CCE0" value="true"/>
</engineerTo>
<adequatelyNormalized>NO</adequatelyNormalized>
<expectedVolumes>0</expectedVolumes>
<fwdEngineeringStrategyName>Single Table</fwdEngineeringStrategyName>
<growthPercent>0</growthPercent>
<growthType>Year</growthType>
<hierarchicalParent>83B252FA-1379-5F36-64AB-C0A05CF0A8E4</hierarchicalParent>
<maxVolumes>9999999</maxVolumes>
<minVolumes>0</minVolumes>
<normalForm>Third</normalForm>
<attributes itemClass="oracle.dbtools.crest.model.design.logical.Attribute">
<Attribute name="Autonomia" id="B19768A7-45EF-3CD5-7A63-E0FD33D05FF5">
<createdBy>victo</createdBy>
<createdTime>2025-08-28 19:13:57 UTC</createdTime>
<commentInRDBMS><![CDATA[Si/No]]></commentInRDBMS>
<ownerDesignName>Residencia_sumativa</ownerDesignName>
<engineerTo>
<item key="E562A3C3-8456-253F-CE9B-D29E5EE0CCE0" value="true"/>
</engineerTo>
<useDomainConstraints>false</useDomainConstraints>
<use>1</use>
<logicalDatatype>LOGDT006</logicalDatatype>
<dataTypeSize>2</dataTypeSize>
<ownDataTypeParameters>2,,</ownDataTypeParameters>
</Attribute>
<Attribute name="Fecha_nacimiento" id="A18EF696-89A7-65BC-291A-53F66F76D1A8">
<createdBy>victo</createdBy>
<createdTime>2025-08-28 19:14:27 UTC</createdTime>
<ownerDesignName>Residencia_sumativa</ownerDesignName>
<engineerTo>
<item key="E562A3C3-8456-253F-CE9B-D29E5EE0CCE0" value="true"/>
</engineerTo>
<useDomainConstraints>false</useDomainConstraints>
<use>1</use>
<logicalDatatype>LOGDT007</logicalDatatype>
<ownDataTypeParameters>,,</ownDataTypeParameters>
</Attribute>
<Attribute name="Observaciones" id="A7FE9B0D-2B23-EC69-94B9-81C0AB1B598E">
<createdBy>victo</createdBy>
<createdTime>2025-08-28 19:14:52 UTC</createdTime>
<ownerDesignName>Residencia_sumativa</ownerDesignName>
<engineerTo>
<item key="E562A3C3-8456-253F-CE9B-D29E5EE0CCE0" value="true"/>
</engineerTo>
<nullsAllowed>true</nullsAllowed>
<useDomainConstraints>false</useDomainConstraints>
<use>1</use>
<logicalDatatype>LOGDT024</logicalDatatype>
<dataTypeSize>200</dataTypeSize>
<ownDataTypeParameters>200,,</ownDataTypeParameters>
</Attribute>
<Attribute name="ID_habitacion" id="51D26E89-77E9-68D4-871B-419E92806E13">
<createdBy>victo</createdBy>
<createdTime>2025-09-01 15:27:33 UTC</createdTime>
<generatorID>F84387EB-40EF-DE3B-66B4-0BCBB8145477</generatorID>
<ownerDesignName>Residencia_sumativa</ownerDesignName>
<engineerTo>
<item key="E562A3C3-8456-253F-CE9B-D29E5EE0CCE0" value="true"/>
</engineerTo>
<referedAttribute>DF2F6495-059F-FFEF-6D3B-0E20D515F475</referedAttribute>
<use>1</use>
<logicalDatatype>LOGDT024</logicalDatatype>
<dataTypeSize>30</dataTypeSize>
<ownDataTypeParameters>,,</ownDataTypeParameters>
</Attribute>
<Attribute name="ID_anexo" id="D88C33A9-4014-C055-863D-9E74BB915F2C">
<createdBy>victo</createdBy>
<createdTime>2025-09-01 15:32:17 UTC</createdTime>
<generatorID>4E55B4CC-DDB7-667A-CE9F-2AD7EEC86176</generatorID>
<ownerDesignName>Residencia_sumativa</ownerDesignName>
<engineerTo>
<item key="E562A3C3-8456-253F-CE9B-D29E5EE0CCE0" value="true"/>
</engineerTo>
<referedAttribute>8A535E92-084D-70F8-6E83-37A70821D1B7</referedAttribute>
<useDomainConstraints>false</useDomainConstraints>
<use>1</use>
<logicalDatatype>LOGDT024</logicalDatatype>
<dataTypeSize>30</dataTypeSize>
<ownDataTypeParameters>,,</ownDataTypeParameters>
</Attribute>
</attributes>
</Entity>
