<?xml version = '1.0' encoding = 'UTF-8'?>
<Entity class="oracle.dbtools.crest.model.design.logical.Entity" directorySegmentName="seg_0" id="1DA7DE8F-11AB-26CF-BFB3-14A378C68611" name="MEDICO">
<createdBy>victo</createdBy>
<createdTime>2025-08-28 03:52:15 UTC</createdTime>
<ownerDesignName>Residencia_sumativa</ownerDesignName>
<engineerTo>
<item key="E562A3C3-8456-253F-CE9B-D29E5EE0CCE0" value="true"/>
</engineerTo>
<adequatelyNormalized>NO</adequatelyNormalized>
<expectedVolumes>0</expectedVolumes>
<fwdEngineeringStrategyName>Single Table</fwdEngineeringStrategyName>
<growthPercent>0</growthPercent>
<growthType>Year</growthType>
<hierarchicalParent>5A9B57D8-8614-5008-C1E9-873573A769DD</hierarchicalParent>
<maxVolumes>9999999</maxVolumes>
<minVolumes>0</minVolumes>
<normalForm>Third</normalForm>
<attributes itemClass="oracle.dbtools.crest.model.design.logical.Attribute">
<Attribute name="Especialidad" id="E7578F31-4D17-8253-5EA3-515510329924">
<createdBy>victo</createdBy>
<createdTime>2025-08-28 17:55:49 UTC</createdTime>
<ownerDesignName>Residencia_sumativa</ownerDesignName>
<engineerTo>
<item key="E562A3C3-8456-253F-CE9B-D29E5EE0CCE0" value="true"/>
</engineerTo>
<useDomainConstraints>false</useDomainConstraints>
<use>1</use>
<logicalDatatype>LOGDT024</logicalDatatype>
<dataTypeSize>20</dataTypeSize>
<ownDataTypeParameters>20,,</ownDataTypeParameters>
</Attribute>
<Attribute name="RUT_supervisor" id="5AC1C8B7-88A1-BE2B-CC88-1D9B203D2788">
<createdBy>victo</createdBy>
<createdTime>2025-08-31 21:56:15 UTC</createdTime>
<generatorID>EE8D5423-610A-F4EE-21D4-79324E2ECFC8</generatorID>
<ownerDesignName>Residencia_sumativa</ownerDesignName>
<engineerTo>
<item key="E562A3C3-8456-253F-CE9B-D29E5EE0CCE0" value="true"/>
</engineerTo>
<referedAttribute>AD7A33D7-7D42-A088-758F-AE60E211F13E</referedAttribute>
<useDomainConstraints>false</useDomainConstraints>
<use>1</use>
<logicalDatatype>LOGDT024</logicalDatatype>
<dataTypeSize>12</dataTypeSize>
<ownDataTypeParameters>,,</ownDataTypeParameters>
</Attribute>
<Attribute name="ID_supervisor" id="94535908-9E47-CDB5-171B-9A8C349AD14C">
<createdBy>victo</createdBy>
<createdTime>2025-09-01 02:47:52 UTC</createdTime>
<ownerDesignName>Residencia_sumativa</ownerDesignName>
<engineerTo>
<item key="E562A3C3-8456-253F-CE9B-D29E5EE0CCE0" value="true"/>
</engineerTo>
<nullsAllowed>true</nullsAllowed>
<useDomainConstraints>false</useDomainConstraints>
<use>1</use>
<logicalDatatype>LOGDT024</logicalDatatype>
<dataTypeSize>15</dataTypeSize>
<ownDataTypeParameters>15,,</ownDataTypeParameters>
</Attribute>
</attributes>
</Entity>
