<?xml version = '1.0' encoding = 'UTF-8'?>
<Entity class="oracle.dbtools.crest.model.design.logical.Entity" directorySegmentName="seg_0" id="44373BC6-0A26-800F-F3C6-959616F3D4B2" name="CONTRATO">
<createdBy>victo</createdBy>
<createdTime>2025-08-28 03:20:33 UTC</createdTime>
<ownerDesignName>Residencia_sumativa</ownerDesignName>
<engineerTo>
<item key="E562A3C3-8456-253F-CE9B-D29E5EE0CCE0" value="true"/>
</engineerTo>
<adequatelyNormalized>NO</adequatelyNormalized>
<expectedVolumes>0</expectedVolumes>
<fwdEngineeringStrategyName>Single Table</fwdEngineeringStrategyName>
<growthPercent>0</growthPercent>
<growthType>Year</growthType>
<maxVolumes>9999999</maxVolumes>
<minVolumes>0</minVolumes>
<normalForm>Third</normalForm>
<attributes itemClass="oracle.dbtools.crest.model.design.logical.Attribute">
<Attribute name="ID_Contrato" id="643A2EC6-0E11-D831-D3A4-7BF6A41F718F">
<createdBy>victo</createdBy>
<createdTime>2025-09-01 02:18:09 UTC</createdTime>
<ownerDesignName>Residencia_sumativa</ownerDesignName>
<engineerTo>
<item key="E562A3C3-8456-253F-CE9B-D29E5EE0CCE0" value="true"/>
</engineerTo>
<useDomainConstraints>false</useDomainConstraints>
<use>1</use>
<logicalDatatype>LOGDT024</logicalDatatype>
<dataTypeSize>30</dataTypeSize>
<ownDataTypeParameters>30,,</ownDataTypeParameters>
</Attribute>
<Attribute name="RUT" id="87A0937B-5743-F9E3-1FE0-0AACC8EE0029">
<createdBy>victo</createdBy>
<createdTime>2025-09-01 02:21:23 UTC</createdTime>
<generatorID>9F9E94F9-0AE2-067D-B238-110F88E3A03D</generatorID>
<ownerDesignName>Residencia_sumativa</ownerDesignName>
<engineerTo>
<item key="E562A3C3-8456-253F-CE9B-D29E5EE0CCE0" value="true"/>
</engineerTo>
<referedAttribute>AD7A33D7-7D42-A088-758F-AE60E211F13E</referedAttribute>
<useDomainConstraints>false</useDomainConstraints>
<use>1</use>
<logicalDatatype>LOGDT024</logicalDatatype>
<dataTypeSize>12</dataTypeSize>
<ownDataTypeParameters>,,</ownDataTypeParameters>
</Attribute>
<Attribute name="Fecha_inicio" id="93B22316-25D3-D92C-A747-E6FB87FE6B20">
<createdBy>victo</createdBy>
<createdTime>2025-09-01 02:22:42 UTC</createdTime>
<ownerDesignName>Residencia_sumativa</ownerDesignName>
<engineerTo>
<item key="E562A3C3-8456-253F-CE9B-D29E5EE0CCE0" value="true"/>
</engineerTo>
<useDomainConstraints>false</useDomainConstraints>
<use>1</use>
<logicalDatatype>LOGDT007</logicalDatatype>
<ownDataTypeParameters>,,</ownDataTypeParameters>
</Attribute>
<Attribute name="Fecha_termino" id="61D7B97C-F3EE-DEE1-5AA2-DB7C991A514C">
<createdBy>victo</createdBy>
<createdTime>2025-09-01 02:22:57 UTC</createdTime>
<ownerDesignName>Residencia_sumativa</ownerDesignName>
<engineerTo>
<item key="E562A3C3-8456-253F-CE9B-D29E5EE0CCE0" value="true"/>
</engineerTo>
<useDomainConstraints>false</useDomainConstraints>
<use>1</use>
<logicalDatatype>LOGDT007</logicalDatatype>
<ownDataTypeParameters>,,</ownDataTypeParameters>
</Attribute>
<Attribute name="Tipo_financiamiento" id="FE2BEB46-19B8-AD65-F3F3-1F66C6E161CB">
<createdBy>victo</createdBy>
<createdTime>2025-09-01 02:25:26 UTC</createdTime>
<commentInRDBMS><![CDATA[Privado, público, mixto]]></commentInRDBMS>
<ownerDesignName>Residencia_sumativa</ownerDesignName>
<engineerTo>
<item key="E562A3C3-8456-253F-CE9B-D29E5EE0CCE0" value="true"/>
</engineerTo>
<useDomainConstraints>false</useDomainConstraints>
<use>1</use>
<logicalDatatype>LOGDT024</logicalDatatype>
<dataTypeSize>20</dataTypeSize>
<ownDataTypeParameters>20,,</ownDataTypeParameters>
</Attribute>
</attributes>
<identifiers itemClass="oracle.dbtools.crest.model.design.logical.CandidateKey">
<identifier id="472A17E1-072A-7D76-9186-C92191D8633C" name="CONTRATO PK">
<createdBy>victo</createdBy>
<createdTime>2025-09-01 02:19:28 UTC</createdTime>
<ownerDesignName>Residencia_sumativa</ownerDesignName>
<shouldEngineer>false</shouldEngineer>
<engineerTo>
<item key="E562A3C3-8456-253F-CE9B-D29E5EE0CCE0" value="false"/>
</engineerTo>
<pk>true</pk>
<usedAttributes>
<attributeRef>643A2EC6-0E11-D831-D3A4-7BF6A41F718F</attributeRef>
</usedAttributes>
</identifier>
</identifiers>
</Entity>
