<?xml version = '1.0' encoding = 'UTF-8'?>
<Entity class="oracle.dbtools.crest.model.design.logical.Entity" directorySegmentName="seg_0" id="966C8957-6BAB-3E71-CF49-3823D6EB3A54" name="CUIDADOR">
<createdBy>victo</createdBy>
<createdTime>2025-08-28 03:52:01 UTC</createdTime>
<ownerDesignName>Residencia_sumativa</ownerDesignName>
<engineerTo>
<item key="E562A3C3-8456-253F-CE9B-D29E5EE0CCE0" value="true"/>
</engineerTo>
<adequatelyNormalized>NO</adequatelyNormalized>
<expectedVolumes>0</expectedVolumes>
<fwdEngineeringStrategyName>Single Table</fwdEngineeringStrategyName>
<growthPercent>0</growthPercent>
<growthType>Year</growthType>
<hierarchicalParent>5A9B57D8-8614-5008-C1E9-873573A769DD</hierarchicalParent>
<maxVolumes>9999999</maxVolumes>
<minVolumes>0</minVolumes>
<normalForm>Third</normalForm>
<attributes itemClass="oracle.dbtools.crest.model.design.logical.Attribute">
<Attribute name="Ficha_basica" id="39A6CDD9-F695-91CC-E662-804DBFAEFC15">
<createdBy>victo</createdBy>
<createdTime>2025-09-01 01:44:11 UTC</createdTime>
<ownerDesignName>Residencia_sumativa</ownerDesignName>
<engineerTo>
<item key="E562A3C3-8456-253F-CE9B-D29E5EE0CCE0" value="true"/>
</engineerTo>
<useDomainConstraints>false</useDomainConstraints>
<use>1</use>
<logicalDatatype>LOGDT024</logicalDatatype>
<dataTypeSize>100</dataTypeSize>
<ownDataTypeParameters>100,,</ownDataTypeParameters>
</Attribute>
</attributes>
</Entity>
