<?xml version = '1.0' encoding = 'UTF-8'?>
<Entity class="oracle.dbtools.crest.model.design.logical.Entity" directorySegmentName="seg_0" id="A10BF326-CEC0-DC61-AC9A-1472FA21B3F8" name="ANEXO">
<createdBy>victo</createdBy>
<createdTime>2025-08-28 03:43:23 UTC</createdTime>
<ownerDesignName>Residencia_sumativa</ownerDesignName>
<engineerTo>
<item key="E562A3C3-8456-253F-CE9B-D29E5EE0CCE0" value="true"/>
</engineerTo>
<adequatelyNormalized>NO</adequatelyNormalized>
<expectedVolumes>0</expectedVolumes>
<fwdEngineeringStrategyName>Single Table</fwdEngineeringStrategyName>
<growthPercent>0</growthPercent>
<growthType>Year</growthType>
<maxVolumes>9999999</maxVolumes>
<minVolumes>0</minVolumes>
<normalForm>Third</normalForm>
<attributes itemClass="oracle.dbtools.crest.model.design.logical.Attribute">
<Attribute name="ID_anexo" id="8A535E92-084D-70F8-6E83-37A70821D1B7">
<createdBy>victo</createdBy>
<createdTime>2025-09-01 01:56:03 UTC</createdTime>
<ownerDesignName>Residencia_sumativa</ownerDesignName>
<engineerTo>
<item key="E562A3C3-8456-253F-CE9B-D29E5EE0CCE0" value="true"/>
</engineerTo>
<useDomainConstraints>false</useDomainConstraints>
<use>1</use>
<logicalDatatype>LOGDT024</logicalDatatype>
<dataTypeSize>30</dataTypeSize>
<ownDataTypeParameters>30,,</ownDataTypeParameters>
</Attribute>
<Attribute name="Fecha_inicio" id="951B27EE-2AC3-829F-83CC-11E571EAB72E">
<createdBy>victo</createdBy>
<createdTime>2025-08-28 17:52:14 UTC</createdTime>
<ownerDesignName>Residencia_sumativa</ownerDesignName>
<engineerTo>
<item key="E562A3C3-8456-253F-CE9B-D29E5EE0CCE0" value="true"/>
</engineerTo>
<useDomainConstraints>false</useDomainConstraints>
<use>1</use>
<logicalDatatype>LOGDT007</logicalDatatype>
<ownDataTypeParameters>,,</ownDataTypeParameters>
</Attribute>
<Attribute name="Fecha_termino" id="3267FB17-DE86-D830-6BA9-15FDF6523C81">
<createdBy>victo</createdBy>
<createdTime>2025-08-28 17:52:57 UTC</createdTime>
<ownerDesignName>Residencia_sumativa</ownerDesignName>
<engineerTo>
<item key="E562A3C3-8456-253F-CE9B-D29E5EE0CCE0" value="true"/>
</engineerTo>
<nullsAllowed>true</nullsAllowed>
<useDomainConstraints>false</useDomainConstraints>
<use>1</use>
<logicalDatatype>LOGDT007</logicalDatatype>
<ownDataTypeParameters>,,</ownDataTypeParameters>
</Attribute>
<Attribute name="Observaciones" id="A4279D4D-F185-D6BC-4AEA-FFD599067BBC">
<createdBy>victo</createdBy>
<createdTime>2025-08-28 17:53:18 UTC</createdTime>
<ownerDesignName>Residencia_sumativa</ownerDesignName>
<engineerTo>
<item key="E562A3C3-8456-253F-CE9B-D29E5EE0CCE0" value="true"/>
</engineerTo>
<nullsAllowed>true</nullsAllowed>
<useDomainConstraints>false</useDomainConstraints>
<use>1</use>
<logicalDatatype>LOGDT024</logicalDatatype>
<dataTypeSize>200</dataTypeSize>
<ownDataTypeParameters>200,,</ownDataTypeParameters>
</Attribute>
<Attribute name="RUT" id="919DAB46-BC14-B889-209D-8C4EEFAC6452">
<createdBy>victo</createdBy>
<createdTime>2025-08-31 21:56:15 UTC</createdTime>
<generatorID>4E55B4CC-DDB7-667A-CE9F-2AD7EEC86176</generatorID>
<ownerDesignName>Residencia_sumativa</ownerDesignName>
<engineerTo>
<item key="E562A3C3-8456-253F-CE9B-D29E5EE0CCE0" value="true"/>
</engineerTo>
<referedAttribute>AD7A33D7-7D42-A088-758F-AE60E211F13E</referedAttribute>
<useDomainConstraints>false</useDomainConstraints>
<use>1</use>
<logicalDatatype>LOGDT024</logicalDatatype>
<dataTypeSize>12</dataTypeSize>
<ownDataTypeParameters>,,</ownDataTypeParameters>
</Attribute>
<Attribute name="ID_Contrato" id="599EBD8B-7BF9-BEF9-260A-284D26DBFFB2">
<createdBy>victo</createdBy>
<createdTime>2025-09-01 02:19:37 UTC</createdTime>
<generatorID>F88F681C-42C9-02CD-A605-AD47BFF6261C</generatorID>
<ownerDesignName>Residencia_sumativa</ownerDesignName>
<engineerTo>
<item key="E562A3C3-8456-253F-CE9B-D29E5EE0CCE0" value="true"/>
</engineerTo>
<referedAttribute>643A2EC6-0E11-D831-D3A4-7BF6A41F718F</referedAttribute>
<useDomainConstraints>false</useDomainConstraints>
<use>1</use>
<logicalDatatype>LOGDT024</logicalDatatype>
<dataTypeSize>30</dataTypeSize>
<ownDataTypeParameters>,,</ownDataTypeParameters>
</Attribute>
</attributes>
<identifiers itemClass="oracle.dbtools.crest.model.design.logical.CandidateKey">
<identifier id="D59BB85A-6890-40ED-D4AA-F8C47323E2B5" name="ANEXO PK">
<createdBy>victo</createdBy>
<createdTime>2025-09-01 01:56:18 UTC</createdTime>
<ownerDesignName>Residencia_sumativa</ownerDesignName>
<shouldEngineer>false</shouldEngineer>
<engineerTo>
<item key="E562A3C3-8456-253F-CE9B-D29E5EE0CCE0" value="false"/>
</engineerTo>
<pk>true</pk>
<usedAttributes>
<attributeRef>8A535E92-084D-70F8-6E83-37A70821D1B7</attributeRef>
</usedAttributes>
</identifier>
</identifiers>
</Entity>
