<?xml version = '1.0' encoding = 'UTF-8'?>
<Entity class="oracle.dbtools.crest.model.design.logical.Entity" directorySegmentName="seg_0" id="B4D07EA4-22A4-D467-C1DE-65FB2F83CC79" name="HABITACION">
<createdBy>victo</createdBy>
<createdTime>2025-08-28 03:18:14 UTC</createdTime>
<ownerDesignName>Residencia_sumativa</ownerDesignName>
<engineerTo>
<item key="E562A3C3-8456-253F-CE9B-D29E5EE0CCE0" value="true"/>
</engineerTo>
<adequatelyNormalized>NO</adequatelyNormalized>
<expectedVolumes>0</expectedVolumes>
<fwdEngineeringStrategyName>Single Table</fwdEngineeringStrategyName>
<growthPercent>0</growthPercent>
<growthType>Year</growthType>
<maxVolumes>9999999</maxVolumes>
<minVolumes>0</minVolumes>
<normalForm>Third</normalForm>
<attributes itemClass="oracle.dbtools.crest.model.design.logical.Attribute">
<Attribute name="ID_habitacion" id="DF2F6495-059F-FFEF-6D3B-0E20D515F475">
<createdBy>victo</createdBy>
<createdTime>2025-09-01 02:45:11 UTC</createdTime>
<ownerDesignName>Residencia_sumativa</ownerDesignName>
<engineerTo>
<item key="E562A3C3-8456-253F-CE9B-D29E5EE0CCE0" value="true"/>
</engineerTo>
<useDomainConstraints>false</useDomainConstraints>
<use>1</use>
<logicalDatatype>LOGDT024</logicalDatatype>
<dataTypeSize>30</dataTypeSize>
<ownDataTypeParameters>30,,</ownDataTypeParameters>
</Attribute>
<Attribute name="Numero" id="41910D63-81F2-546E-8230-74C9A6328D6F">
<createdBy>victo</createdBy>
<createdTime>2025-08-28 19:44:45 UTC</createdTime>
<ownerDesignName>Residencia_sumativa</ownerDesignName>
<engineerTo>
<item key="E562A3C3-8456-253F-CE9B-D29E5EE0CCE0" value="true"/>
</engineerTo>
<useDomainConstraints>false</useDomainConstraints>
<use>1</use>
<logicalDatatype>LOGDT024</logicalDatatype>
<dataTypeSize>10</dataTypeSize>
<ownDataTypeParameters>10,,</ownDataTypeParameters>
</Attribute>
<Attribute name="Tipo" id="924AE511-412B-24A7-EB92-7DC4D7A9F458">
<createdBy>victo</createdBy>
<createdTime>2025-08-28 19:45:09 UTC</createdTime>
<commentInRDBMS><![CDATA[Individual, Compartida]]></commentInRDBMS>
<ownerDesignName>Residencia_sumativa</ownerDesignName>
<engineerTo>
<item key="E562A3C3-8456-253F-CE9B-D29E5EE0CCE0" value="true"/>
</engineerTo>
<useDomainConstraints>false</useDomainConstraints>
<use>1</use>
<logicalDatatype>LOGDT024</logicalDatatype>
<dataTypeSize>15</dataTypeSize>
<ownDataTypeParameters>15,,</ownDataTypeParameters>
</Attribute>
<Attribute name="Piso" id="B679F5FA-F2D1-AD07-DE11-1EE8CE0BF3A1">
<createdBy>victo</createdBy>
<createdTime>2025-08-28 19:45:39 UTC</createdTime>
<ownerDesignName>Residencia_sumativa</ownerDesignName>
<engineerTo>
<item key="E562A3C3-8456-253F-CE9B-D29E5EE0CCE0" value="true"/>
</engineerTo>
<useDomainConstraints>false</useDomainConstraints>
<use>1</use>
<logicalDatatype>LOGDT019</logicalDatatype>
<ownDataTypeParameters>,,</ownDataTypeParameters>
</Attribute>
<Attribute name="Capacidad" id="7631C310-A609-F078-4C8B-33E2C01335A7">
<createdBy>victo</createdBy>
<createdTime>2025-08-28 19:45:56 UTC</createdTime>
<commentInRDBMS><![CDATA[>0]]></commentInRDBMS>
<ownerDesignName>Residencia_sumativa</ownerDesignName>
<engineerTo>
<item key="E562A3C3-8456-253F-CE9B-D29E5EE0CCE0" value="true"/>
</engineerTo>
<useDomainConstraints>false</useDomainConstraints>
<use>1</use>
<logicalDatatype>LOGDT019</logicalDatatype>
<ownDataTypeParameters>,,</ownDataTypeParameters>
</Attribute>
<Attribute name="RUT" id="DF195018-B141-5F45-A921-55DA06CABB36">
<createdBy>victo</createdBy>
<createdTime>2025-08-31 21:56:15 UTC</createdTime>
<generatorID>F84387EB-40EF-DE3B-66B4-0BCBB8145477</generatorID>
<ownerDesignName>Residencia_sumativa</ownerDesignName>
<engineerTo>
<item key="E562A3C3-8456-253F-CE9B-D29E5EE0CCE0" value="true"/>
</engineerTo>
<referedAttribute>AD7A33D7-7D42-A088-758F-AE60E211F13E</referedAttribute>
<useDomainConstraints>false</useDomainConstraints>
<use>1</use>
<logicalDatatype>LOGDT024</logicalDatatype>
<dataTypeSize>12</dataTypeSize>
<ownDataTypeParameters>,,</ownDataTypeParameters>
</Attribute>
<Attribute name="ID_residencia" id="D65008B5-9321-6C9D-5A96-8E99A7F2C668">
<createdBy>victo</createdBy>
<createdTime>2025-09-01 15:27:12 UTC</createdTime>
<generatorID>F5C8A204-A355-B3FF-3DCA-331C3D063B03</generatorID>
<ownerDesignName>Residencia_sumativa</ownerDesignName>
<engineerTo>
<item key="E562A3C3-8456-253F-CE9B-D29E5EE0CCE0" value="true"/>
</engineerTo>
<referedAttribute>16E932A9-AB08-E93C-A391-6208B5122600</referedAttribute>
<use>1</use>
<logicalDatatype>LOGDT024</logicalDatatype>
<dataTypeSize>30</dataTypeSize>
<ownDataTypeParameters>,,</ownDataTypeParameters>
</Attribute>
</attributes>
<identifiers itemClass="oracle.dbtools.crest.model.design.logical.CandidateKey">
<identifier id="C6A6D60B-991F-1364-00D3-F0FE85EA8E65" name="HABITACION PK">
<createdBy>victo</createdBy>
<createdTime>2025-09-01 02:46:48 UTC</createdTime>
<ownerDesignName>Residencia_sumativa</ownerDesignName>
<shouldEngineer>false</shouldEngineer>
<engineerTo>
<item key="E562A3C3-8456-253F-CE9B-D29E5EE0CCE0" value="false"/>
</engineerTo>
<pk>true</pk>
<usedAttributes>
<attributeRef>DF2F6495-059F-FFEF-6D3B-0E20D515F475</attributeRef>
</usedAttributes>
</identifier>
</identifiers>
</Entity>
