<?xml version = '1.0' encoding = 'UTF-8'?>
<Entity class="oracle.dbtools.crest.model.design.logical.Entity" directorySegmentName="seg_0" id="B7FC0A2D-A717-97FA-FD78-AF57F78C4D6C" name="TEMPORAL">
<createdBy>victo</createdBy>
<createdTime>2025-08-28 03:47:33 UTC</createdTime>
<ownerDesignName>Residencia_sumativa</ownerDesignName>
<engineerTo>
<item key="E562A3C3-8456-253F-CE9B-D29E5EE0CCE0" value="true"/>
</engineerTo>
<adequatelyNormalized>NO</adequatelyNormalized>
<expectedVolumes>0</expectedVolumes>
<fwdEngineeringStrategyName>Single Table</fwdEngineeringStrategyName>
<growthPercent>0</growthPercent>
<growthType>Year</growthType>
<hierarchicalParent>1CEC78EB-D39D-2799-0752-BF49F8F0A17E</hierarchicalParent>
<maxVolumes>9999999</maxVolumes>
<minVolumes>0</minVolumes>
<normalForm>Third</normalForm>
<attributes itemClass="oracle.dbtools.crest.model.design.logical.Attribute">
<Attribute name="Dias_previstos" id="ABD5A371-B93C-6623-254A-27790EDDD86B">
<createdBy>victo</createdBy>
<createdTime>2025-08-28 19:18:50 UTC</createdTime>
<ownerDesignName>Residencia_sumativa</ownerDesignName>
<engineerTo>
<item key="E562A3C3-8456-253F-CE9B-D29E5EE0CCE0" value="true"/>
</engineerTo>
<useDomainConstraints>false</useDomainConstraints>
<use>1</use>
<logicalDatatype>LOGDT019</logicalDatatype>
<ownDataTypeParameters>,,</ownDataTypeParameters>
</Attribute>
</attributes>
</Entity>
